B02,B03,B04,B08,B11,B12,NDVI,NDWI,BSI,cloud_cover,manganese_label,elevation_m,slope_deg,terrain_relief_m
0.2086,0.252,0.3158,0.4037,0.4989,0.4048,0.122168,-0.231356,0.141836,0.0,0,281.229858,0.542911,4.509949
0.1482,0.166,0.1817,0.2843,0.3124,0.2643,0.220172,-0.262714,0.06648,0.0,0,286.458923,0.468514,9.554108
0.1833,0.216,0.2561,0.3517,0.528,0.4343,0.157289,-0.239035,0.188841,0.0,0,673.410828,1.678561,77.221863
0.1681,0.1953,0.2304,0.3362,0.4225,0.3524,0.186728,-0.265099,0.128413,0.0,0,281.075989,1.01911,6.954285
0.1173,0.1538,0.1574,0.3091,0.3248,0.2433,0.325188,-0.335494,0.061413,7e-06,0,353.018066,0.932566,8.748871
0.1736,0.2072,0.2201,0.3639,0.3758,0.3257,0.246233,-0.274383,0.051526,0.0,1,324.967255,3.039706,56.843536
0.2108,0.2456,0.2964,0.3763,0.5275,0.4465,0.118775,-0.210162,0.167824,0.0,0,270.725128,0.215366,8.667267
0.1785,0.2198,0.2515,0.428,0.4585,0.3682,0.25975,-0.321395,0.078618,0.0,1,325.546173,0.507089,61.001556
0.1507,0.1768,0.2067,0.3003,0.4403,0.3363,0.184615,-0.258856,0.178506,0.0,0,572.025696,17.494483,50.040894
0.1583,0.1783,0.1953,0.2753,0.3379,0.2891,0.169996,-0.213845,0.10302,0.0,0,335.712189,3.170278,12.634277
0.2213,0.2779,0.3296,0.4055,0.5457,0.4704,0.103251,-0.186713,0.165435,0.0,0,257.676666,1.691944,11.087158
0.151,0.1886,0.251,0.3518,0.4371,0.3148,0.16722,-0.301999,0.155597,7e-06,0,441.798187,3.518851,70.097565
0.1599,0.1817,0.2316,0.3387,0.4459,0.3466,0.187796,-0.301691,0.152113,0.0,0,591.152893,5.904652,23.369812
0.1698,0.2033,0.2372,0.2962,0.3655,0.3127,0.110611,-0.185986,0.127912,0.0,0,254.600204,1.062267,6.999985
0.1401,0.1559,0.1753,0.2332,0.2809,0.2322,0.141738,-0.198664,0.09994,0.0,1,636.23468,2.479592,41.43042
0.1582,0.1779,0.2091,0.2537,0.3613,0.3283,0.09637,-0.175626,0.161356,0.0,0,295.534454,1.089041,5.169708
0.1477,0.1724,0.2075,0.2589,0.3658,0.3092,0.110206,-0.200556,0.170119,0.0,0,555.349487,1.028368,29.387817
0.1583,0.1807,0.2135,0.2856,0.3707,0.3043,0.14446,-0.224962,0.136465,0.0,1,651.577454,9.446494,60.870178
0.1361,0.169,0.1627,0.3308,0.3145,0.243,0.340628,-0.323729,0.01091,0.0,0,444.774323,23.278383,337.364563
0.229,0.2654,0.3283,0.4069,0.5144,0.4269,0.10691,-0.210472,0.139862,0.0,1,311.730591,0.770155,9.02774
0.1974,0.2407,0.266,0.4325,0.4489,0.3547,0.238368,-0.284908,0.063206,0.0,0,499.384399,10.54665,36.221924
0.1803,0.2199,0.2552,0.3231,0.4253,0.3556,0.117413,-0.190055,0.14959,0.0,1,625.57135,1.244971,40.743042
0.1842,0.2157,0.2581,0.3612,0.4549,0.357,0.166478,-0.25221,0.133185,0.0,1,624.344116,0.683935,47.913086
0.1903,0.2345,0.2866,0.3979,0.4968,0.3911,0.1626,-0.258381,0.142316,0.0,1,615.211243,0.776902,21.358215
0.1757,0.2067,0.2389,0.3148,0.3684,0.2986,0.137078,-0.207287,0.106395,0.0,0,316.241058,0.253962,5.404297
0.1355,0.1651,0.1577,0.3944,0.2747,0.2091,0.428727,-0.40983,-0.10132,0.0,0,315.577789,1.07703,19.143372
0.1878,0.218,0.2641,0.3408,0.413,0.3539,0.126798,-0.219757,0.123165,0.0,0,250.014038,0.303767,6.338989
0.1709,0.2138,0.2493,0.3644,0.4482,0.3856,0.187551,-0.260464,0.13157,0.0,0,281.301422,1.578802,9.946014
0.1605,0.185,0.2169,0.3873,0.4673,0.3547,0.282026,-0.353486,0.110714,0.0,0,318.236969,0.918242,15.394409
0.1392,0.1563,0.1724,0.2733,0.3914,0.2872,0.226385,-0.272346,0.154973,0.0,0,537.05365,3.54074,55.594971
0.1412,0.1745,0.1724,0.339,0.3882,0.3194,0.325772,-0.320351,0.077248,0.0,0,403.291046,0.825756,26.990448
0.1484,0.1837,0.1811,0.4193,0.4667,0.3686,0.396736,-0.390713,0.065899,0.0,0,368.341156,3.184503,12.738647
0.1562,0.2013,0.2066,0.3896,0.4499,0.3647,0.306944,-0.318666,0.092074,0.0,0,340.258026,5.073401,20.126678
0.2104,0.2543,0.3023,0.4345,0.5139,0.4061,0.179425,-0.261614,0.11724,0.0,0,326.518341,1.053272,13.296814
0.1452,0.1782,0.1898,0.3799,0.3767,0.2702,0.333684,-0.361405,0.037926,0.0,0,384.977203,1.598697,21.047089
0.1253,0.1565,0.1617,0.348,0.3285,0.2338,0.365509,-0.379584,0.01754,7e-06,0,369.227905,1.751359,12.979309
0.1469,0.1692,0.1818,0.3305,0.3969,0.3269,0.29026,-0.322794,0.095919,0.0,0,375.784058,1.553773,12.900818
0.1577,0.1918,0.2064,0.3573,0.4075,0.3489,0.267696,-0.301402,0.087607,0.0,1,359.297577,0.703171,44.076447
0.1718,0.2087,0.2698,0.3577,0.4982,0.3938,0.14008,-0.263065,0.183815,0.0,0,614.900757,2.770863,29.216675
0.1245,0.1567,0.1562,0.3072,0.2668,0.2093,0.325852,-0.324423,-0.010179,7e-06,0,325.578644,0.289787,10.870575
0.1498,0.1812,0.1949,0.3728,0.4037,0.3018,0.31337,-0.345848,0.067785,0.0,0,452.913208,13.730577,81.136017
0.1669,0.1964,0.2299,0.2842,0.3445,0.3056,0.105621,-0.182688,0.120234,0.0,0,275.4422,0.386489,7.613556
0.1792,0.2095,0.2437,0.305,0.4176,0.3569,0.111719,-0.185617,0.154605,0.0,0,297.081818,0.49438,8.60965
0.166,0.1928,0.2168,0.2802,0.3516,0.3145,0.127565,-0.184778,0.120442,0.0,0,287.599213,0.674193,6.205902
0.1662,0.1863,0.2215,0.3229,0.4149,0.3126,0.18626,-0.268264,0.130875,0.0,0,325.71875,1.600643,22.866272
0.2295,0.2835,0.3612,0.4643,0.5339,0.4162,0.124894,-0.241776,0.126691,0.0,1,312.440796,0.918397,7.671234
0.1837,0.2255,0.2665,0.3779,0.5111,0.4331,0.172874,-0.252569,0.16129,0.0,0,351.522125,1.603784,10.456146
0.1422,0.1814,0.166,0.4014,0.2932,0.2161,0.414875,-0.377488,-0.084164,0.0,0,278.003052,1.544733,6.082092
0.1892,0.2176,0.2544,0.2983,0.3951,0.3661,0.079428,-0.156426,0.14248,0.0,0,275.714294,1.156803,8.337189
0.1511,0.1732,0.2094,0.3059,0.4304,0.3247,0.18727,-0.276978,0.166667,0.0,0,667.132019,7.543856,88.291199
0.1688,0.2027,0.2036,0.372,0.3521,0.2756,0.292564,-0.294588,0.013589,0.0,0,265.228271,2.586777,14.739899
0.1806,0.2028,0.2501,0.3281,0.4557,0.3845,0.134901,-0.236014,0.162289,0.0,0,287.787292,0.935475,9.732758
0.1792,0.2035,0.2365,0.3412,0.4692,0.3801,0.181236,-0.2528,0.15113,0.0,0,327.155487,3.502699,26.200348
0.146,0.172,0.1995,0.4229,0.3755,0.254,0.358933,-0.421752,0.005333,0.0,0,623.63208,4.194022,34.028137
0.2056,0.2445,0.2954,0.4123,0.4901,0.4149,0.165183,-0.255481,0.119424,0.0,1,320.957611,0.649486,16.303741
0.1193,0.1417,0.158,0.251,0.3182,0.2402,0.227384,-0.27833,0.125103,7e-06,0,398.165009,4.569346,69.013245
0.1699,0.2034,0.2443,0.3062,0.4252,0.353,0.112443,-0.201727,0.16882,0.0,0,276.978302,1.51427,9.325195
0.1621,0.1881,0.2037,0.2992,0.3528,0.2972,0.189899,-0.227991,0.093535,0.0,0,316.889099,1.478909,12.52774
0.2074,0.2294,0.2296,0.3775,0.366,0.3179,0.243617,-0.244027,0.009064,0.0,0,290.364105,4.96028,19.923401
0.2008,0.2399,0.2865,0.4262,0.5325,0.4435,0.196015,-0.279688,0.13278,0.0,0,283.470001,0.369418,8.73642
0.1289,0.1587,0.1927,0.2785,0.3648,0.2626,0.182088,-0.274016,0.15556,7e-06,0,408.624298,1.282426,30.209534
0.1405,0.1862,0.1785,0.423,0.3293,0.225,0.406484,-0.388707,-0.051993,0.0,0,542.983582,3.55964,31.556641
0.1271,0.1616,0.1464,0.3958,0.3322,0.2169,0.459978,-0.420165,-0.044234,0.0,0,458.514282,23.840122,223.859283
0.1696,0.2033,0.2238,0.3595,0.4095,0.3296,0.232642,-0.277541,0.089642,0.0,1,300.602173,1.944027,7.316223
0.1439,0.1819,0.17,0.381,0.3574,0.2647,0.38294,-0.353704,0.002376,0.0,0,336.255493,6.155256,102.778107
0.1516,0.1706,0.1999,0.2456,0.3788,0.3673,0.102581,-0.180202,0.185982,0.0,0,286.753143,0.628398,7.782501
0.2561,0.3054,0.3284,0.4198,0.4624,0.4046,0.12216,-0.15775,0.078339,0.0,1,323.042023,0.474864,12.465912
0.1429,0.1598,0.178,0.2981,0.445,0.3248,0.252258,-0.302031,0.171053,0.0,0,338.98877,1.513907,12.648376
0.1854,0.2333,0.2924,0.4162,0.5672,0.4796,0.174711,-0.281601,0.176567,0.0,1,352.141144,3.421516,33.898346
0.1774,0.2015,0.2344,0.274,0.3604,0.3336,0.077891,-0.152471,0.137067,0.0,0,270.722412,0.241061,5.548462
0.1475,0.1723,0.1813,0.2903,0.3269,0.2627,0.231128,-0.25508,0.074419,0.0,0,349.221558,23.541811,170.137878
0.1553,0.1881,0.1694,0.4188,0.3438,0.2825,0.424005,-0.380129,-0.05601,0.0,0,264.044373,0.362839,5.65213
0.1808,0.2132,0.2451,0.3618,0.4734,0.3847,0.192289,-0.258435,0.139481,0.0,0,278.444336,0.506214,11.399567
0.1762,0.2048,0.2383,0.2876,0.3927,0.3568,0.093744,-0.168156,0.152722,0.0,1,315.724487,0.538657,10.442535
0.1478,0.1792,0.2158,0.3065,0.349,0.2659,0.173655,-0.262096,0.108429,0.0,1,610.727905,1.080379,23.318176
0.1328,0.1502,0.1646,0.2844,0.3188,0.2307,0.266815,-0.30879,0.073507,0.0,0,524.741394,2.453908,78.927124
0.1487,0.1919,0.1939,0.3639,0.3789,0.3054,0.304769,-0.309464,0.055463,0.0,1,351.778931,2.448504,58.454071
0.1935,0.2213,0.2215,0.3654,0.3328,0.2644,0.245187,-0.245611,-0.004132,0.0,0,277.358673,0.505712,6.491241
0.156,0.1862,0.1878,0.3408,0.3725,0.2927,0.289444,-0.293359,0.06007,0.0,0,395.970001,24.276213,90.520508
0.1926,0.2407,0.2852,0.3817,0.4687,0.3714,0.144699,-0.226542,0.135221,0.0,1,621.56665,0.543244,13.047424
0.1563,0.1784,0.2023,0.3112,0.3978,0.3347,0.212074,-0.271242,0.124204,0.0,1,365.531464,12.543403,56.276093
0.1943,0.23,0.2803,0.3886,0.5353,0.4235,0.161908,-0.256385,0.166393,0.0,0,523.229858,2.980816,32.073059
0.1937,0.2355,0.2814,0.3766,0.5501,0.4451,0.144681,-0.230518,0.186332,0.0,0,543.618896,1.411302,23.523682
0.1317,0.1545,0.1558,0.3385,0.2971,0.2081,0.369614,-0.373225,-0.018741,0.0,0,544.729492,12.242561,47.626648
0.1492,0.1833,0.2144,0.3556,0.3248,0.2449,0.247719,-0.319725,0.03295,7e-06,0,460.315033,3.537013,38.273865
0.144,0.1747,0.2064,0.3412,0.3862,0.2941,0.246165,-0.322737,0.099647,7e-06,0,327.473419,3.418096,10.550903
0.1214,0.1532,0.1362,0.5253,0.3335,0.2364,0.588209,-0.548416,-0.158545,0.0,1,321.989807,0.638303,11.352417
0.1705,0.2131,0.2492,0.3409,0.4457,0.3992,0.155397,-0.230686,0.152118,0.0,1,362.796356,1.698091,48.40979
0.143,0.1626,0.1836,0.3151,0.3728,0.2727,0.263686,-0.319238,0.096895,0.0,0,523.02594,5.860452,72.856689
0.1793,0.2061,0.2569,0.3618,0.4556,0.3643,0.169549,-0.274168,0.136726,0.0,1,359.301605,1.775627,50.598602
0.1572,0.1753,0.1941,0.2547,0.3239,0.277,0.135027,-0.184651,0.114098,0.0,0,476.162598,9.056401,106.44873
0.1477,0.1812,0.1878,0.3856,0.3371,0.2466,0.34496,-0.360621,-0.007938,0.0,0,613.612,4.133394,72.349487
0.181,0.2109,0.2385,0.3794,0.5058,0.4132,0.22803,-0.285448,0.140952,0.0,1,321.423065,1.327775,17.430267
0.1406,0.1622,0.1729,0.2981,0.3711,0.2784,0.265817,-0.295242,0.107154,0.0,0,419.450836,8.160955,76.716125
0.2069,0.2476,0.3043,0.3939,0.5011,0.4282,0.12833,-0.228059,0.145499,0.0,1,325.315521,0.777375,21.296478
0.1384,0.1703,0.1477,0.3769,0.2699,0.2016,0.436904,-0.377558,-0.104727,0.0,0,264.4711,2.1433,10.861511
0.1776,0.2071,0.241,0.304,0.4122,0.3801,0.115596,-0.189591,0.151216,0.0,0,282.228119,0.468263,7.697906
0.1735,0.1984,0.232,0.383,0.4877,0.39,0.245528,-0.317509,0.12788,0.0,1,329.318146,7.428712,25.429108
0.2086,0.2317,0.2763,0.3084,0.3866,0.3497,0.0549,-0.142011,0.123655,0.0,1,612.432312,1.29125,32.830444
0.1724,0.2074,0.2531,0.3811,0.4991,0.3832,0.201829,-0.295157,0.152179,0.0,1,624.870178,7.2597,46.607666
0.1441,0.1726,0.2084,0.3112,0.3611,0.2847,0.197844,-0.286482,0.111436,7e-06,0,346.760681,0.76202,9.689972
0.1453,0.184,0.1963,0.3623,0.4338,0.3189,0.297172,-0.326377,0.107673,0.0,0,393.798737,1.573051,13.847687
0.1817,0.2151,0.2579,0.391,0.455,0.3724,0.205116,-0.290216,0.109054,0.0,0,350.87738,0.961366,11.840271
0.1552,0.1853,0.2317,0.3236,0.4025,0.312,0.165496,-0.271763,0.139623,0.0,1,619.624573,2.059343,17.343506
0.2024,0.2469,0.2831,0.4206,0.3938,0.3099,0.195396,-0.260225,0.041465,0.0,0,276.110413,2.039429,6.413605
0.1825,0.2193,0.257,0.3585,0.4744,0.3871,0.164907,-0.240914,0.149638,0.0,0,287.85965,5.295974,10.629822
0.1522,0.1775,0.2058,0.2903,0.3784,0.3088,0.170329,-0.241129,0.138015,0.0,1,647.05188,7.469228,62.118286
0.1728,0.2001,0.2561,0.3176,0.4417,0.385,0.107199,-0.226965,0.17455,0.0,0,582.996338,5.8426,21.416931
0.156,0.18,0.2224,0.3218,0.4554,0.3382,0.182653,-0.282583,0.17307,0.0,1,632.221313,2.548724,24.139526
0.1478,0.1889,0.2094,0.4077,0.426,0.3203,0.321342,-0.366745,0.067092,0.0,1,334.422516,4.617097,46.179413
0.1833,0.2139,0.2476,0.3073,0.3746,0.3232,0.107587,-0.179202,0.11826,0.0,0,284.940216,0.853845,8.909698
0.2146,0.2638,0.3051,0.3713,0.5225,0.4606,0.097871,-0.169265,0.170994,0.0,0,307.701141,1.040062,12.568573
0.1446,0.1677,0.1844,0.3285,0.4416,0.3481,0.280951,-0.324063,0.139114,0.0,0,365.058777,2.939972,12.9245
0.1748,0.2056,0.231,0.3446,0.4611,0.3926,0.197359,-0.252635,0.142551,0.0,0,348.683685,2.047547,20.740692
0.1357,0.1554,0.1378,0.3932,0.2473,0.1848,0.480979,-0.433467,-0.15733,0.0,0,255.718903,0.182899,6.202896
0.1354,0.1617,0.1547,0.3369,0.3526,0.2571,0.370627,-0.351384,0.035729,0.0,0,322.197662,1.241589,12.914948
0.1942,0.2321,0.2594,0.4187,0.4826,0.3992,0.234921,-0.286724,0.095284,0.0,1,330.715729,1.046483,22.03418
0.1477,0.1735,0.1833,0.3559,0.338,0.2308,0.320104,-0.344541,0.01727,0.0,0,579.913208,21.02124,289.680573
0.162,0.1834,0.211,0.2509,0.3414,0.3139,0.086382,-0.155423,0.144515,0.0,0,557.072083,1.54946,13.038025
0.1449,0.1618,0.1845,0.246,0.3457,0.2978,0.142857,-0.206474,0.151232,0.0,0,482.805481,10.075606,105.664795
0.1346,0.1576,0.1712,0.3035,0.337,0.2489,0.278702,-0.316417,0.074078,0.0,0,601.80896,1.72341,29.968994
0.0994,0.0998,0.0925,0.0832,0.1208,0.1236,-0.052931,0.09071,0.077545,0.0,0,323.0,0.0,7.558197
0.1237,0.1557,0.1365,0.3579,0.2537,0.1736,0.447816,-0.393692,-0.104841,0.0,0,564.955872,3.988526,33.202698
0.1518,0.1723,0.1964,0.2898,0.4044,0.3553,0.192102,-0.254274,0.152724,0.0,1,369.567505,7.823147,48.878632
0.2043,0.2445,0.2924,0.3732,0.4786,0.4072,0.121394,-0.208354,0.143493,0.0,1,317.849884,0.789113,13.81015
0.1793,0.2078,0.2536,0.3489,0.4444,0.3473,0.158174,-0.253458,0.138477,0.0,0,294.653687,3.889265,6.646332
0.1732,0.2024,0.24,0.3487,0.4993,0.4086,0.184644,-0.265469,0.172376,0.0,0,361.309601,1.6412,14.362732
0.1903,0.2296,0.2689,0.3677,0.4708,0.4018,0.155199,-0.231207,0.140017,0.0,0,280.972137,0.334143,7.864288
0.1906,0.2305,0.2654,0.4083,0.4793,0.384,0.212112,-0.278334,0.108514,0.0,1,327.852081,1.554193,21.202881
0.1299,0.1533,0.1333,0.3656,0.2495,0.1815,0.465624,-0.409135,-0.128316,0.0,1,302.247528,0.433716,4.921265
0.1288,0.1545,0.1424,0.3521,0.3184,0.2422,0.424065,-0.390051,-0.021344,0.0,0,336.119843,0.46428,10.428986
0.1652,0.1937,0.2304,0.332,0.4491,0.3598,0.180654,-0.263078,0.154925,0.0,0,425.258301,16.061078,83.10672
0.159,0.193,0.2147,0.3726,0.4554,0.3508,0.268857,-0.317539,0.115253,0.0,0,418.071686,6.45186,44.244598
0.1485,0.1771,0.192,0.3751,0.4248,0.3175,0.322871,-0.358566,0.081726,0.0,0,524.09082,3.442551,37.960297
0.1504,0.1877,0.2066,0.371,0.3718,0.3347,0.284626,-0.328083,0.051828,0.0,0,289.465912,3.567027,12.441437
0.1827,0.2027,0.2296,0.3543,0.4076,0.3175,0.213564,-0.272172,0.085335,0.0,0,281.926422,0.034194,8.226318
0.1698,0.194,0.232,0.3349,0.4935,0.4086,0.181513,-0.266402,0.179483,0.0,0,343.878815,0.711309,14.840485
0.145,0.1714,0.1886,0.3372,0.3819,0.3136,0.282617,-0.325993,0.08388,0.0,1,349.667938,1.901365,48.946594
0.1453,0.1768,0.1871,0.3196,0.3673,0.3081,0.261496,-0.287671,0.087805,0.0,0,318.872437,3.13289,15.058746
0.1554,0.1917,0.2284,0.3708,0.4806,0.3862,0.23765,-0.3184,0.147992,0.0,1,326.288635,2.552489,25.92926
0.1513,0.1897,0.1754,0.4108,0.3216,0.2358,0.401569,-0.368193,-0.061467,0.0,0,276.332397,1.4434,7.204956
0.181,0.2169,0.2506,0.3326,0.4036,0.3432,0.140604,-0.210555,0.120397,0.0,0,294.940948,1.122705,10.18457
0.1627,0.1828,0.2266,0.3334,0.4643,0.3608,0.190714,-0.291747,0.164111,0.0,0,438.292542,7.626263,38.027283
0.1598,0.1839,0.2086,0.3733,0.4112,0.3302,0.283038,-0.339914,0.075202,0.0,1,324.280731,5.558527,96.554474
0.1655,0.179,0.2069,0.2681,0.3128,0.2846,0.128842,-0.199284,0.090318,0.0,0,302.444275,0.334694,6.179138
0.1966,0.2384,0.2519,0.4015,0.4,0.3655,0.228956,-0.254884,0.04304,0.0,0,316.029694,1.42542,12.315979
0.1477,0.1716,0.1826,0.3157,0.3324,0.2595,0.267108,-0.295711,0.052739,0.0,0,288.378021,2.840862,9.675293
0.1475,0.1876,0.1883,0.3635,0.4137,0.3165,0.317506,-0.31918,0.081761,0.0,0,392.027191,5.773002,19.218903
0.1856,0.2195,0.2611,0.3112,0.4313,0.3933,0.087541,-0.172791,0.16448,0.0,1,313.478546,1.542091,10.617065
0.1826,0.2159,0.2499,0.3629,0.4277,0.355,0.184399,-0.253974,0.108004,0.0,0,283.260895,1.217411,7.376221
0.1751,0.2162,0.251,0.2909,0.3531,0.3125,0.07363,-0.147308,0.129053,0.0,0,574.708557,1.277464,15.070557
0.1897,0.2232,0.2713,0.4103,0.5129,0.4062,0.203932,-0.295343,0.133073,0.0,1,338.039368,3.189183,13.587311
0.1617,0.1851,0.2189,0.3879,0.4136,0.3074,0.27851,-0.353927,0.070129,0.0,0,443.221771,8.857847,18.914856
0.1248,0.1477,0.1279,0.3393,0.2149,0.16,0.452483,-0.393429,-0.150328,0.0,1,302.222931,0.467486,4.921265
0.1941,0.2432,0.3073,0.3533,0.3979,0.3734,0.069634,-0.184577,0.125978,0.0,0,281.138733,2.813555,9.055908
0.1948,0.2375,0.2781,0.3808,0.4931,0.4021,0.155866,-0.231765,0.145233,0.0,0,375.426361,2.02436,10.448761
0.1559,0.1812,0.1844,0.3826,0.4207,0.3254,0.349559,-0.357219,0.058237,0.0,1,319.001251,2.163061,44.099518
0.1394,0.1646,0.1717,0.3177,0.3783,0.2752,0.298324,-0.317437,0.092245,0.0,0,565.901611,3.648742,29.46228
0.2323,0.2816,0.3439,0.4215,0.5831,0.4739,0.101385,-0.198976,0.172824,0.0,0,511.71524,1.844204,23.757599
0.1344,0.154,0.1571,0.2969,0.3374,0.2444,0.30793,-0.316922,0.068265,0.0,0,546.559326,6.540568,94.927734
0.1626,0.1896,0.2227,0.3222,0.4835,0.3999,0.182602,-0.259086,0.185894,0.0,0,313.107147,2.951501,20.62735
0.1999,0.2392,0.2888,0.396,0.504,0.3955,0.156542,-0.246851,0.141787,0.0,1,611.350281,1.396267,12.616089
0.1869,0.2213,0.2539,0.3893,0.4122,0.3354,0.21051,-0.275139,0.072366,0.0,0,289.900787,0.722933,7.685059
0.1721,0.1955,0.2428,0.347,0.4726,0.3798,0.17667,-0.279263,0.159012,0.0,0,410.861816,0.937679,23.004944
0.1452,0.1739,0.1928,0.3229,0.4213,0.3295,0.252278,-0.299919,0.13491,0.0,0,347.853577,2.409024,12.558777
0.1168,0.1471,0.1249,0.4503,0.2455,0.1646,0.565716,-0.507533,-0.209813,0.0,0,359.180328,0.618441,7.145935
0.1752,0.2053,0.2437,0.2997,0.426,0.3963,0.103055,-0.186931,0.17019,0.0,0,274.330902,0.749769,9.732971
0.1964,0.2332,0.2805,0.4066,0.4745,0.3806,0.183525,-0.271022,0.111929,0.0,1,319.014648,0.584671,14.409363
0.1686,0.2061,0.2428,0.3174,0.3392,0.2811,0.133167,-0.212607,0.089888,0.0,0,291.443726,1.331501,12.877777
0.1702,0.1999,0.2364,0.35,0.4475,0.3969,0.193724,-0.272959,0.135952,0.0,1,306.868011,1.030344,8.578217
0.1592,0.1922,0.2086,0.4062,0.426,0.3546,0.321405,-0.35762,0.057667,0.0,0,375.535675,1.288107,11.900177
0.1433,0.1614,0.1687,0.304,0.3493,0.2583,0.286228,-0.306403,0.073241,0.0,0,542.300537,9.031175,46.98584
0.1679,0.1972,0.2142,0.3737,0.4456,0.3427,0.271305,-0.309161,0.098385,0.0,0,383.666473,2.111309,14.653412
0.211,0.2563,0.3108,0.4223,0.507,0.4372,0.152094,-0.244621,0.127145,0.0,0,316.200195,1.431767,10.103668
0.1705,0.1973,0.2368,0.3778,0.5116,0.3983,0.229418,-0.313858,0.154315,0.0,0,321.637543,1.031155,11.891998
0.175,0.2121,0.2555,0.3654,0.5249,0.4223,0.177001,-0.265455,0.181708,0.0,0,443.866302,3.422551,45.561523
0.1414,0.1672,0.1954,0.3147,0.3574,0.2632,0.233876,-0.30608,0.095847,0.0,0,583.232544,8.767118,81.588989
0.1262,0.1402,0.125,0.1112,0.1316,0.1296,-0.058425,0.115354,0.038866,0.0,0,485.5,0.0,52.250366
0.1435,0.1739,0.1786,0.3583,0.4172,0.3194,0.334699,-0.346486,0.085641,0.0,0,360.928802,1.870279,25.592682
0.2019,0.234,0.2709,0.4096,0.4904,0.4085,0.203821,-0.27284,0.10912,0.0,1,313.838898,4.580351,21.39743
0.1782,0.2061,0.2389,0.3244,0.3962,0.3204,0.151784,-0.222997,0.116463,0.0,1,308.14267,6.126858,11.865662
0.2525,0.3057,0.3695,0.4625,0.5721,0.4978,0.111779,-0.204114,0.136786,0.0,1,309.745392,1.142892,28.337433
0.1534,0.1785,0.2196,0.3461,0.4347,0.3114,0.223617,-0.319482,0.134165,0.0,0,585.99939,5.308083,29.457153
0.1735,0.205,0.2456,0.3293,0.4632,0.3821,0.145591,-0.232641,0.170023,0.0,0,281.076141,2.295603,8.290741
0.2173,0.2732,0.3092,0.4022,0.4556,0.3865,0.130728,-0.190998,0.104963,0.0,1,382.023163,21.525346,141.503143
0.1465,0.1779,0.2014,0.3637,0.436,0.3211,0.287206,-0.343058,0.11084,0.0,1,636.526306,3.204504,24.877014
0.1675,0.1961,0.2257,0.3656,0.4315,0.3538,0.236597,-0.301763,0.104259,0.0,0,271.596649,1.346257,9.729767
0.1888,0.2305,0.2848,0.3946,0.5122,0.4122,0.161613,-0.262518,0.154738,0.0,0,304.021301,1.567482,16.111053
0.132,0.1604,0.1565,0.3286,0.3055,0.2133,0.354772,-0.343967,0.001517,0.0,0,583.156799,14.946467,97.807617
0.1605,0.1881,0.2119,0.2555,0.3649,0.3451,0.093282,-0.151939,0.161966,0.0,0,275.476654,0.867117,10.431732
0.1504,0.1745,0.1867,0.3473,0.3875,0.289,0.300749,-0.331161,0.071369,0.0,0,378.878754,2.754336,52.110992
0.187,0.2328,0.279,0.344,0.4133,0.3532,0.104334,-0.192788,0.131856,0.0,0,292.287079,1.420751,9.538574
0.1445,0.1902,0.1658,0.4063,0.3093,0.2271,0.420381,-0.36228,-0.073789,0.0,1,306.550598,1.621539,17.134796
0.1426,0.1656,0.1656,0.2945,0.3194,0.2341,0.280156,-0.280156,0.051947,0.0,0,316.606415,6.372628,20.295868
0.1631,0.197,0.1993,0.3791,0.403,0.3267,0.310858,-0.316091,0.052512,0.0,0,336.839325,3.087635,10.131348
0.1872,0.1988,0.2357,0.2727,0.402,0.3791,0.072777,-0.156734,0.16199,0.0,0,281.894836,1.277599,9.331604
0.1352,0.1804,0.1531,0.4604,0.3075,0.2238,0.500896,-0.436954,-0.127817,0.0,0,262.965912,2.011537,16.528534
0.151,0.1758,0.2234,0.3384,0.4015,0.2903,0.204699,-0.316219,0.121601,0.0,0,614.339661,6.282296,71.13501
0.1523,0.1888,0.1984,0.4096,0.4231,0.3118,0.347368,-0.368984,0.050363,0.0,0,434.49118,4.610726,58.789825
0.165,0.1897,0.2246,0.3783,0.3837,0.2915,0.254934,-0.332042,0.056443,0.0,0,341.714142,0.946889,8.860565
0.1611,0.1992,0.208,0.4364,0.4238,0.34,0.354438,-0.373191,0.027902,0.0,0,372.97348,1.821542,22.13678
0.1606,0.1931,0.2134,0.3683,0.4586,0.3388,0.266288,-0.312077,0.119161,0.0,0,610.948242,2.939999,24.599976
0.1722,0.2177,0.2559,0.4018,0.4078,0.3162,0.221834,-0.297175,0.072473,0.0,1,618.243958,1.779129,16.324951
0.147,0.1735,0.1869,0.3161,0.3258,0.2568,0.256859,-0.291258,0.05083,0.0,1,621.768127,11.96664,38.193542
0.1633,0.1916,0.1942,0.3575,0.3428,0.2648,0.295994,-0.302131,0.015315,0.0,0,261.479431,1.097702,9.708344
0.1337,0.1725,0.2285,0.3289,0.4397,0.3229,0.180122,-0.311927,0.181818,7e-06,0,442.00174,2.117861,60.202118
0.1703,0.2012,0.2445,0.3694,0.4258,0.3124,0.203453,-0.294777,0.107934,0.0,0,553.883484,2.708461,77.774231
0.144,0.1818,0.1903,0.4602,0.4249,0.3381,0.414912,-0.433645,0.009021,0.0,1,325.350067,3.483483,24.851013
0.2115,0.2682,0.3415,0.414,0.5828,0.5311,0.095963,-0.21372,0.192799,0.0,0,380.939209,0.338801,10.928894
0.2013,0.2382,0.2698,0.341,0.4362,0.4044,0.116568,-0.177486,0.131138,0.0,0,264.972412,1.038923,13.407898
0.1239,0.1718,0.1963,0.4669,0.3136,0.2174,0.408022,-0.462032,-0.073499,7e-06,0,352.257935,1.41996,12.595001
0.1768,0.2064,0.2412,0.2861,0.3904,0.3685,0.085151,-0.161827,0.154134,0.0,1,308.770599,0.242078,6.735107
0.1826,0.2115,0.2581,0.3283,0.4734,0.4179,0.119714,-0.216376,0.17756,0.0,1,309.926758,1.214327,9.350952
0.1435,0.1679,0.1878,0.3237,0.3998,0.3101,0.265689,-0.316924,0.114145,0.0,0,409.637268,1.898657,38.873413
0.2744,0.3021,0.3212,0.3446,0.3957,0.3766,0.035146,-0.065718,0.073284,0.0,0,296.707001,1.046528,10.358643
0.1879,0.2218,0.2689,0.3406,0.4744,0.4271,0.117637,-0.211238,0.168894,0.0,0,282.350769,1.939344,9.813812
0.2045,0.2394,0.2721,0.3568,0.4182,0.3555,0.13468,-0.196914,0.103068,0.0,0,298.856262,1.271471,14.683228
0.1734,0.2116,0.2381,0.4163,0.4764,0.3685,0.272311,-0.326007,0.095691,0.0,0,309.367096,0.689757,22.329681
0.1544,0.1897,0.2246,0.3469,0.4462,0.3449,0.213998,-0.292956,0.144612,0.0,0,414.358887,0.671613,25.156464
0.1561,0.1809,0.2156,0.3145,0.4557,0.3439,0.186569,-0.269681,0.17576,0.0,0,321.428436,1.561892,18.634949
0.1794,0.2119,0.2508,0.3441,0.4732,0.3887,0.156833,-0.23777,0.160721,0.0,1,310.601654,0.752558,6.989319
0.1609,0.1818,0.2149,0.3023,0.3533,0.3068,0.168987,-0.248916,0.101803,0.0,0,271.923309,2.407357,10.054047
0.1482,0.1777,0.2028,0.3519,0.4335,0.3425,0.268794,-0.328927,0.119852,0.0,0,511.474976,12.936042,62.724487
0.1707,0.2053,0.2376,0.2812,0.3142,0.2815,0.08404,-0.156012,0.099532,0.0,0,274.486298,2.32526,8.004272
0.1527,0.1839,0.2027,0.3115,0.3835,0.3204,0.211591,-0.25757,0.116146,0.0,0,279.983032,2.614544,9.718506
0.1721,0.2015,0.2353,0.3238,0.3904,0.3167,0.15829,-0.232819,0.115728,0.0,0,291.415863,0.153341,5.674286
0.1672,0.1919,0.2183,0.2676,0.3369,0.3191,0.101461,-0.164744,0.121616,0.0,0,275.788879,0.140329,3.750427
0.16,0.189,0.211,0.299,0.3656,0.3087,0.172549,-0.22541,0.113557,0.0,1,623.869019,1.510856,19.628296
0.1894,0.2262,0.2641,0.3915,0.4508,0.3522,0.194326,-0.267606,0.103411,0.0,0,481.437592,1.145931,104.223633
0.2131,0.2586,0.3104,0.4225,0.4963,0.3792,0.152954,-0.24064,0.11863,0.0,0,289.341949,1.495006,13.741119
0.1435,0.1645,0.1873,0.2969,0.4207,0.3249,0.226353,-0.286953,0.159863,0.0,0,331.338135,3.983384,16.124176
0.1435,0.1765,0.1671,0.3842,0.35,0.2658,0.393796,-0.37043,-0.010145,0.0,1,331.405273,6.931135,76.037292
0.1246,0.1404,0.1414,0.2387,0.2885,0.2138,0.255985,-0.259298,0.083964,0.0,0,660.479797,9.883327,70.189392
0.1725,0.2045,0.2481,0.3708,0.4756,0.3778,0.198255,-0.289067,0.142384,0.0,1,343.689667,0.725517,13.987762
0.152,0.176,0.2064,0.3312,0.4306,0.3525,0.232143,-0.305994,0.137297,0.0,0,366.320953,3.196927,20.075165
0.1703,0.1989,0.2459,0.358,0.4835,0.3757,0.185627,-0.285689,0.159895,0.0,0,547.807922,7.258832,30.425049
0.1518,0.1928,0.2177,0.4291,0.4372,0.3238,0.32684,-0.379965,0.05988,0.0,1,335.736603,5.937808,46.312988
0.1555,0.1769,0.1997,0.3345,0.4131,0.3292,0.25234,-0.308174,0.111353,0.0,0,358.684967,1.234709,20.184143
0.1536,0.179,0.213,0.3258,0.4334,0.3465,0.209354,-0.290808,0.148339,0.0,0,485.889557,23.343279,85.889038
0.2127,0.2533,0.3107,0.3837,0.5532,0.4474,0.105127,-0.20471,0.183182,0.0,0,387.550629,1.857173,14.412048
0.135,0.1727,0.185,0.3524,0.3794,0.2979,0.3115,-0.342221,0.073208,0.0,1,619.881714,2.127906,32.637634
0.1258,0.147,0.1345,0.3376,0.2605,0.1895,0.430205,-0.393314,-0.079683,0.0,0,293.906128,3.576986,12.577393
0.1662,0.1905,0.2165,0.3195,0.3321,0.279,0.192164,-0.252941,0.060814,0.0,0,294.211121,0.631412,10.453644
0.1475,0.1828,0.1967,0.3842,0.4311,0.3237,0.322775,-0.355203,0.082881,0.0,0,423.25058,4.470064,85.740021
0.1676,0.2016,0.2283,0.3095,0.4082,0.3769,0.150985,-0.211113,0.143139,0.0,1,308.225006,0.304679,8.534607
0.1722,0.2111,0.2525,0.3075,0.4299,0.3722,0.098214,-0.185885,0.174426,0.0,0,399.75116,0.751316,7.740082
0.1673,0.1898,0.2122,0.2834,0.3886,0.3163,0.143664,-0.197802,0.142748,0.0,0,507.810577,0.755357,46.236786
0.1271,0.1558,0.1698,0.3413,0.333,0.2433,0.335551,-0.373164,0.03542,7e-06,0,482.357452,0.96589,22.493591
0.1653,0.2002,0.2432,0.3995,0.4896,0.3902,0.243193,-0.332333,0.12947,0.0,1,354.816528,8.523128,48.377228
0.1662,0.2062,0.258,0.3522,0.3649,0.2763,0.154376,-0.261461,0.091562,0.0,0,581.700684,0.271807,5.551025
0.1436,0.167,0.1803,0.3423,0.3584,0.2665,0.309989,-0.344198,0.051532,0.0,0,378.369324,2.847415,42.663696
0.1587,0.1872,0.2122,0.3673,0.3968,0.2862,0.267645,-0.324797,0.073128,0.0,0,511.005402,12.829893,230.238129
0.1568,0.1881,0.2206,0.2908,0.3517,0.291,0.13727,-0.21445,0.122267,0.0,1,608.926758,0.771763,11.287231
0.2143,0.2583,0.316,0.3843,0.4981,0.4087,0.09753,-0.196078,0.152545,0.0,0,290.193298,1.532257,10.716095
0.1514,0.1742,0.2031,0.2935,0.3895,0.2853,0.182038,-0.255078,0.142361,0.0,0,573.657471,15.710737,41.295166
0.1682,0.1847,0.2232,0.309,0.4694,0.3793,0.161218,-0.251772,0.184134,0.0,0,380.232666,3.558857,16.95343
0.1978,0.2271,0.2696,0.3493,0.4511,0.3719,0.128777,-0.212006,0.13693,0.0,0,264.110657,1.958244,7.677734
0.1549,0.1829,0.216,0.3331,0.3717,0.2789,0.213258,-0.291085,0.092684,7e-06,0,402.727417,3.690271,30.115448
0.1763,0.2095,0.2411,0.3866,0.4326,0.3425,0.231799,-0.297098,0.089601,0.0,1,323.535034,1.293443,17.729309
0.1736,0.2085,0.2398,0.3451,0.4472,0.3505,0.180031,-0.246749,0.139587,0.0,1,629.173706,0.708142,17.884644
0.1362,0.1778,0.165,0.4132,0.3835,0.3036,0.429263,-0.398308,-0.00082,0.0,1,339.745148,4.101042,25.988129
0.1564,0.1948,0.2439,0.3374,0.423,0.3289,0.160846,-0.267944,0.149134,7e-06,0,346.501312,2.30597,36.928589
0.1984,0.2372,0.294,0.3561,0.5298,0.4963,0.095524,-0.200405,0.195386,0.0,0,334.9086,0.905142,21.806183
0.1854,0.2237,0.2642,0.3805,0.4756,0.4062,0.180394,-0.259517,0.133185,0.0,1,344.356567,2.089388,18.55838
0.1514,0.178,0.2077,0.361,0.4429,0.3379,0.269562,-0.339518,0.118831,0.0,0,369.174866,5.564897,89.013062
0.1879,0.2232,0.2609,0.3245,0.4415,0.3691,0.108644,-0.184955,0.156404,0.0,0,265.619202,0.05335,8.536774
0.182,0.2168,0.2195,0.3418,0.3601,0.2965,0.217887,-0.223774,0.050571,0.0,0,330.394806,3.806,7.871368
0.1537,0.1746,0.1941,0.2698,0.3232,0.2736,0.163182,-0.214221,0.099702,0.0,0,463.914001,17.437329,144.338684
0.1283,0.1528,0.1309,0.3672,0.2289,0.1691,0.474403,-0.412308,-0.158658,0.0,1,305.69043,0.377684,5.664246
0.1204,0.153,0.1654,0.3042,0.3224,0.2379,0.295571,-0.330709,0.069268,7e-06,0,337.662476,1.109199,9.832184
0.1752,0.197,0.2318,0.2709,0.3782,0.3599,0.07778,-0.15794,0.155194,0.0,0,276.102173,0.728008,10.824799
0.1159,0.1371,0.1426,0.2547,0.3022,0.2155,0.282155,-0.300153,0.090998,7e-06,0,351.267365,5.946837,75.379364
0.1656,0.201,0.2287,0.3639,0.4365,0.3656,0.228147,-0.28837,0.113585,0.0,1,360.056946,1.998017,40.363556
0.1722,0.1951,0.2436,0.3554,0.4623,0.3457,0.186644,-0.29119,0.144548,0.0,0,438.88562,5.991263,98.885376
0.1125,0.1412,0.1569,0.3047,0.3136,0.2259,0.320191,-0.366674,0.060043,7e-06,0,429.852203,10.421732,55.930756
0.1387,0.1563,0.1717,0.2884,0.3377,0.2675,0.253641,-0.297054,0.08788,0.0,0,346.656097,1.651723,8.145966
0.157,0.1826,0.1987,0.3354,0.3743,0.2929,0.255945,-0.294981,0.075652,0.0,1,306.548767,3.532172,5.486389
0.162,0.1929,0.229,0.2843,0.3584,0.3269,0.107734,-0.191534,0.1365,0.0,0,310.040863,0.430688,7.944336
0.197,0.2337,0.2753,0.3471,0.4532,0.4105,0.11536,-0.195248,0.1449,0.0,1,308.162201,0.860263,4.983459
0.1272,0.1539,0.1309,0.3871,0.2201,0.164,0.494595,-0.431054,-0.188721,0.0,1,304.208435,1.387887,6.283478
0.1228,0.1441,0.1449,0.3974,0.359,0.285,0.465609,-0.467775,-0.015916,0.0,1,332.864105,8.188794,88.355316
0.182,0.2227,0.2616,0.3487,0.4266,0.3731,0.142717,-0.220511,0.129215,0.0,1,315.003662,0.499741,6.928894
0.1321,0.1627,0.1383,0.3724,0.2368,0.1697,0.45839,-0.391889,-0.147112,0.0,1,304.792633,0.197805,34.093597
0.1399,0.1621,0.1879,0.2841,0.3632,0.2729,0.203814,-0.27342,0.130346,0.0,0,355.784424,5.385239,26.10498
0.1512,0.174,0.2095,0.3181,0.3949,0.2924,0.205838,-0.292827,0.125827,0.0,0,479.171356,2.562676,81.430054
0.1311,0.1751,0.1537,0.3857,0.306,0.2068,0.430108,-0.375535,-0.058474,0.0,0,412.487305,15.551333,145.120026
0.1691,0.2039,0.2326,0.3703,0.4136,0.3268,0.228396,-0.289794,0.090081,0.0,0,310.630341,6.177628,14.410156
0.2064,0.2431,0.2847,0.4078,0.4654,0.3841,0.177762,-0.253034,0.099612,0.0,1,324.477814,0.942753,12.003723
0.2028,0.2348,0.2855,0.396,0.5059,0.4169,0.162142,-0.255549,0.138541,0.0,0,286.946014,1.298927,15.423615
0.1864,0.2301,0.2716,0.3769,0.5565,0.4322,0.162375,-0.241845,0.190312,0.0,0,580.84137,3.247506,36.766418
0.1682,0.1993,0.227,0.3578,0.4471,0.3922,0.223666,-0.284509,0.123406,0.0,0,328.840515,3.463344,28.262054
0.18,0.2212,0.2458,0.3691,0.401,0.339,0.20052,-0.250551,0.081696,0.0,0,292.629303,0.926812,10.253113
0.1581,0.1925,0.2168,0.3917,0.4517,0.3447,0.287428,-0.340979,0.097431,0.0,0,501.248077,5.654039,66.161285
0.1453,0.1773,0.1812,0.3769,0.3957,0.2906,0.350654,-0.360159,0.049768,0.0,0,479.147125,5.053241,34.742371
0.1736,0.2041,0.2472,0.3584,0.4766,0.3681,0.18362,-0.274311,0.152731,0.0,1,613.157654,0.751591,5.942566
0.1618,0.1848,0.2204,0.3638,0.3876,0.2969,0.245464,-0.326285,0.072689,0.0,0,380.197784,1.652419,14.804474
0.1324,0.1669,0.1795,0.3527,0.3873,0.2904,0.325442,-0.357583,0.077669,0.0,0,416.891571,0.687309,95.588745
0.1823,0.2161,0.2617,0.3185,0.4312,0.3785,0.097897,-0.191545,0.160928,0.0,1,340.074127,0.986196,8.421265
0.2124,0.2606,0.3318,0.4414,0.5519,0.4303,0.141749,-0.25755,0.149528,0.0,0,395.091644,2.127138,14.890137
0.2204,0.2577,0.2968,0.3913,0.4323,0.3683,0.137335,-0.205855,0.08756,0.0,0,295.401611,0.412566,5.723053
0.1667,0.198,0.2298,0.3154,0.4145,0.328,0.157007,-0.228672,0.143999,0.0,1,620.051514,0.569382,26.133972
0.1871,0.2282,0.2772,0.3361,0.4036,0.3513,0.096038,-0.19121,0.130897,0.0,0,291.005219,2.517333,13.326111
0.1644,0.182,0.2229,0.2907,0.4128,0.3755,0.132009,-0.229956,0.165567,0.0,1,375.684265,6.536621,59.016418
0.1917,0.2074,0.2472,0.2833,0.3894,0.3855,0.068049,-0.154677,0.145376,0.0,0,298.048492,0.595734,11.840027
0.1509,0.1715,0.1958,0.23,0.2879,0.2654,0.080319,-0.145704,0.118899,0.0,0,570.074158,0.84963,23.189209
0.1757,0.2191,0.2635,0.3966,0.5097,0.3872,0.201636,-0.28829,0.149313,0.0,0,315.748077,1.359578,14.277313
0.1474,0.1708,0.1966,0.3407,0.4244,0.3247,0.268193,-0.33216,0.119827,0.0,0,429.466339,5.181331,22.858185
0.1529,0.1784,0.203,0.2993,0.3649,0.2803,0.191718,-0.253088,0.11342,0.0,0,329.524078,1.332944,14.589142
0.1458,0.1759,0.1967,0.36,0.4448,0.3267,0.293336,-0.343534,0.118278,0.0,0,388.268402,5.194329,21.767456
0.115,0.1337,0.1301,0.2903,0.2994,0.2154,0.381066,-0.36934,0.028989,0.0,0,402.483093,1.569791,20.350586
0.145,0.1752,0.1873,0.3604,0.3642,0.2763,0.316049,-0.34578,0.043618,0.0,0,339.193237,1.277983,9.091675
0.1186,0.1489,0.1548,0.3234,0.3117,0.2257,0.352572,-0.369469,0.026968,7e-06,0,318.900665,1.107284,21.050354
0.1627,0.1858,0.226,0.3553,0.4868,0.3797,0.222432,-0.313251,0.158271,0.0,0,365.813629,4.351253,43.923309
0.151,0.1823,0.2004,0.3466,0.4062,0.3515,0.267276,-0.310645,0.098714,0.0,1,441.137787,22.824187,134.068054
0.161,0.1949,0.2257,0.3698,0.4209,0.3396,0.241982,-0.309722,0.098352,0.0,0,268.598358,0.58983,16.765015
0.1483,0.1805,0.1858,0.352,0.343,0.2383,0.309037,-0.322066,0.027694,0.0,0,508.852386,12.408313,161.425354
0.188,0.2078,0.2543,0.3418,0.4427,0.3615,0.146787,-0.243814,0.13629,0.0,1,321.103973,6.312696,24.539215
0.1917,0.2379,0.2729,0.3637,0.3829,0.3137,0.142633,-0.209109,0.082893,0.0,0,299.715179,12.987303,191.704788
0.2055,0.246,0.2884,0.3805,0.4861,0.4027,0.137689,-0.214685,0.138552,0.0,0,276.638885,0.828272,14.4646
0.1699,0.2039,0.2445,0.3798,0.472,0.3589,0.216723,-0.301353,0.131733,0.0,0,564.039856,5.064534,55.262573
0.1872,0.2272,0.2714,0.3722,0.5667,0.4913,0.156619,-0.241909,0.199428,0.0,0,315.051086,0.625268,15.007721
0.2927,0.3192,0.3556,0.4198,0.4347,0.372,0.082796,-0.13613,0.05177,0.0,0,296.539795,1.006585,10.162109
0.1296,0.1597,0.145,0.4203,0.3498,0.2478,0.486998,-0.44931,-0.052742,0.0,1,321.082733,1.632129,30.976257
0.1332,0.1544,0.1385,0.3505,0.2399,0.1751,0.433538,-0.388394,-0.122144,0.0,1,303.051605,0.277508,5.637299
0.1977,0.2355,0.2838,0.4136,0.5155,0.3926,0.18612,-0.27438,0.133277,0.0,0,576.84845,0.368867,15.881531
0.1611,0.1869,0.2285,0.3115,0.4847,0.374,0.153704,-0.25,0.202901,0.0,0,536.852295,5.57365,53.161255
0.1219,0.1486,0.1676,0.287,0.351,0.2522,0.262648,-0.317723,0.118275,7e-06,0,459.000427,13.747678,34.472046
0.1678,0.1878,0.2177,0.2545,0.3145,0.2852,0.077933,-0.150803,0.115139,0.0,0,271.761444,0.44331,3.993347
0.1789,0.2019,0.2428,0.3379,0.45,0.3672,0.163768,-0.251945,0.145503,0.0,0,280.868469,0.560333,7.902466
0.1474,0.1728,0.1748,0.1783,0.2272,0.1962,0.009912,-0.015665,0.104851,0.0,1,309.706909,0.405777,12.579803
0.2082,0.2438,0.2915,0.3848,0.5161,0.4381,0.137957,-0.224308,0.15322,0.0,0,276.955841,1.256457,12.147461
0.1566,0.1762,0.1964,0.3342,0.325,0.2632,0.259706,-0.309561,0.030231,0.0,0,315.062805,0.52392,9.919739
0.1786,0.2172,0.2373,0.3542,0.498,0.3906,0.197633,-0.239762,0.159688,0.0,0,598.046021,1.470753,44.813354
0.2126,0.2482,0.2918,0.3829,0.5007,0.4622,0.135023,-0.213437,0.141931,0.0,0,254.468903,0.547447,13.14975
0.2304,0.2418,0.2711,0.3822,0.4431,0.3649,0.17006,-0.225,0.076575,0.0,0,331.630432,0.165694,12.558136
0.1571,0.1848,0.2169,0.3544,0.4621,0.361,0.240679,-0.31454,0.140697,0.0,0,395.868286,0.964025,40.131042
0.1108,0.1386,0.1654,0.2731,0.3775,0.2691,0.24561,-0.326694,0.171558,7e-06,0,442.098297,3.479107,71.734802
0.1336,0.1665,0.1817,0.3156,0.3842,0.3314,0.269254,-0.309272,0.114964,0.0,0,375.18277,3.702794,22.921021
0.1307,0.1513,0.1345,0.3294,0.2459,0.1788,0.420134,-0.370501,-0.094825,0.0,0,315.03775,1.468877,9.783844
0.1511,0.1748,0.2099,0.3402,0.4229,0.3088,0.236866,-0.321165,0.125878,0.0,1,667.131714,14.462761,64.222839
0.1848,0.2213,0.2553,0.3418,0.4174,0.3558,0.144867,-0.213994,0.121821,0.0,0,262.256958,2.794126,9.865204
0.1453,0.1652,0.1745,0.324,0.3311,0.2392,0.2999,-0.324612,0.037235,0.0,0,577.066345,2.345103,39.714233
0.155,0.1786,0.1827,0.3815,0.3162,0.2701,0.352357,-0.362257,-0.036314,0.0,0,295.868652,0.10087,5.490509
0.1357,0.1531,0.1743,0.2913,0.3335,0.2514,0.251289,-0.310981,0.086436,0.0,0,719.123474,3.685072,94.142456
0.1446,0.1798,0.1844,0.3684,0.4219,0.3219,0.332851,-0.344035,0.083356,0.0,0,390.422424,4.564709,32.602722
0.1403,0.1685,0.1654,0.3252,0.307,0.213,0.325724,-0.317399,0.007357,0.0,0,552.850891,20.359876,135.736328
0.1463,0.1711,0.1827,0.3247,0.4076,0.3209,0.279858,-0.309802,0.112409,0.0,0,489.508423,5.571583,54.141388
0.148,0.1672,0.1853,0.2901,0.3483,0.2606,0.220446,-0.268751,0.098281,0.0,0,524.964722,4.669109,45.066895
0.1714,0.198,0.2328,0.3162,0.4251,0.3671,0.151913,-0.229872,0.148669,0.0,1,422.282501,22.99,137.268066
0.1297,0.1564,0.1724,0.2985,0.3045,0.2331,0.267785,-0.312376,0.053806,7e-06,0,439.08371,0.983051,18.009796
0.1902,0.223,0.2677,0.3964,0.4362,0.3329,0.193796,-0.279948,0.090895,0.0,0,301.619537,1.099671,9.407379
0.1385,0.1576,0.1777,0.2971,0.4009,0.282,0.251474,-0.306796,0.140998,0.0,0,571.029907,7.492099,45.3974
0.1454,0.1763,0.184,0.3503,0.4055,0.3116,0.311248,-0.330422,0.086436,0.0,0,343.458038,2.564139,48.349243
0.1416,0.1662,0.1756,0.32,0.3498,0.2498,0.291364,-0.316331,0.06464,0.0,0,315.272858,1.575796,21.565826
0.1513,0.1778,0.1823,0.3023,0.328,0.2599,0.247627,-0.259321,0.058824,0.0,0,523.141968,23.789386,105.374725
0.1898,0.2226,0.268,0.3844,0.4667,0.3778,0.178418,-0.266557,0.122622,0.0,1,317.1026,0.51601,12.392914
0.151,0.1832,0.1974,0.4148,0.4429,0.3366,0.355113,-0.387291,0.061769,0.0,0,369.355225,1.496085,23.484894
0.1646,0.1844,0.1861,0.3245,0.3366,0.2859,0.271054,-0.2753,0.033208,0.0,0,293.001587,3.131434,11.068298
0.1621,0.1949,0.2255,0.3848,0.4627,0.358,0.261019,-0.327583,0.114404,0.0,0,386.433716,5.384599,21.555359
0.1481,0.1677,0.1927,0.2818,0.3364,0.3025,0.187777,-0.253838,0.103441,0.0,0,563.354614,5.502696,21.967896
0.1724,0.2039,0.2678,0.372,0.5359,0.4362,0.162863,-0.291891,0.192345,0.0,0,395.016724,1.499621,12.737762
0.1772,0.2077,0.2572,0.3678,0.5188,0.4189,0.17696,-0.278193,0.174868,0.0,0,359.297821,7.416315,98.792328
0.1449,0.1771,0.1788,0.4003,0.397,0.3066,0.38249,-0.38656,0.027297,0.0,0,347.260193,1.633299,16.428223
0.185,0.2191,0.2575,0.3118,0.4382,0.4166,0.09538,-0.174609,0.166792,0.0,1,307.859833,0.389223,6.927277
0.1369,0.1637,0.1647,0.3389,0.3546,0.2689,0.345909,-0.348587,0.043714,0.0,1,324.053223,8.961615,58.034485
0.2099,0.2373,0.2887,0.3507,0.4045,0.3493,0.096966,-0.192857,0.105758,0.0,0,574.495422,1.685074,18.192322
0.1563,0.1806,0.208,0.2566,0.3233,0.2711,0.104606,-0.173833,0.125397,0.0,0,447.829956,23.529347,164.674744
0.1905,0.2273,0.2405,0.4601,0.451,0.3699,0.313446,-0.338667,0.030475,0.0,1,333.063538,1.335041,49.157684
0.1153,0.1443,0.171,0.252,0.356,0.2698,0.191489,-0.271764,0.178575,7e-06,0,330.72641,1.189345,12.243652
0.1693,0.1926,0.2099,0.3345,0.4086,0.3097,0.228876,-0.269209,0.102201,0.0,0,292.507477,0.394341,4.04599
0.1475,0.1847,0.1539,0.4639,0.3008,0.2174,0.501781,-0.430466,-0.146984,0.0,0,265.453247,0.618782,9.710541
0.1187,0.135,0.124,0.1164,0.136,0.1284,-0.031614,0.073986,0.050293,0.0,0,559.0,0.0,16.940552
0.1727,0.2133,0.2437,0.3473,0.388,0.2966,0.175296,-0.23903,0.096987,0.0,0,286.015411,0.804783,11.409088
0.1723,0.2152,0.2599,0.346,0.4323,0.3533,0.142103,-0.233072,0.14366,0.0,1,625.859497,0.639948,27.724243
0.2029,0.2377,0.2815,0.397,0.511,0.3949,0.170228,-0.250985,0.138322,0.0,0,298.007507,0.550026,10.872803
0.14,0.1629,0.1854,0.3511,0.3633,0.2521,0.308854,-0.366148,0.055395,0.0,0,650.259583,12.516225,101.843872
0.1668,0.2078,0.251,0.3085,0.3626,0.3238,0.10277,-0.195042,0.127009,0.0,0,264.819885,2.041393,8.283569
0.1583,0.1854,0.2147,0.3399,0.4562,0.348,0.225748,-0.294118,0.14772,0.0,0,428.352417,3.749807,22.496948
0.17,0.197,0.2271,0.351,0.4637,0.3533,0.214323,-0.281022,0.140122,0.0,0,545.675598,6.410993,35.025635
0.1443,0.1928,0.1991,0.4216,0.4438,0.372,0.358466,-0.372396,0.0637,0.0,1,330.717407,3.108591,53.259247
0.1466,0.177,0.1972,0.3457,0.4164,0.3129,0.273531,-0.322747,0.109684,0.0,0,360.747894,8.788066,86.757141
0.1354,0.1595,0.1738,0.3056,0.3527,0.2668,0.274927,-0.314126,0.088372,0.0,0,341.981873,0.952917,11.46048
0.17,0.1967,0.2432,0.3396,0.4849,0.3721,0.165408,-0.266455,0.176537,0.0,0,553.445618,2.331042,23.819092
0.1688,0.203,0.2487,0.3991,0.4667,0.3738,0.23217,-0.325693,0.114938,0.0,0,278.617096,0.398482,13.888947
0.1379,0.1659,0.1709,0.3432,0.3793,0.2781,0.335149,-0.348262,0.067003,0.0,0,411.230103,21.44153,89.441437
0.1363,0.1746,0.1687,0.407,0.3912,0.2953,0.413931,-0.399587,0.015047,0.0,1,314.677887,3.531576,25.27948
0.1716,0.1974,0.2331,0.276,0.3793,0.3607,0.084266,-0.166033,0.155472,0.0,0,278.340759,0.887145,3.835236
0.1906,0.2146,0.2538,0.3454,0.4659,0.3912,0.15287,-0.233571,0.146293,0.0,0,260.211792,0.525975,6.105377
0.1484,0.1696,0.1995,0.3169,0.4389,0.326,0.227343,-0.302775,0.156836,0.0,0,624.644958,4.217321,27.831848
0.1334,0.1511,0.1588,0.3307,0.3438,0.2395,0.351175,-0.372769,0.039826,0.0,0,718.231018,11.630522,73.467651
0.1499,0.1758,0.2021,0.3622,0.3541,0.2531,0.283714,-0.346468,0.041281,0.0,0,358.092682,4.402365,54.003021
0.129,0.1569,0.1757,0.2888,0.3147,0.2455,0.243488,-0.295939,0.079938,7e-06,0,306.258118,2.263867,12.475739
0.2116,0.2689,0.3274,0.4296,0.5955,0.4804,0.135007,-0.230064,0.180104,0.0,0,517.097839,1.356855,23.877136
0.2055,0.2359,0.2924,0.3763,0.4798,0.4143,0.125467,-0.229337,0.14062,0.0,0,296.139862,0.350231,7.976379
0.188,0.2266,0.2702,0.3808,0.4669,0.3819,0.169892,-0.253869,0.128877,0.0,0,275.678314,0.739167,11.99411
0.132,0.1586,0.1533,0.3644,0.2862,0.1963,0.407765,-0.393499,-0.060797,0.0,0,592.55072,18.825041,102.724365
0.1478,0.1749,0.2026,0.3186,0.4186,0.3078,0.222563,-0.291185,0.142332,0.0,0,340.703979,6.216983,24.327301
0.1779,0.2042,0.2736,0.3385,0.5015,0.4672,0.106028,-0.247466,0.20031,0.0,0,332.990448,0.760966,23.649719
0.1482,0.177,0.1793,0.3817,0.4128,0.3177,0.360784,-0.366386,0.055437,0.0,0,520.940918,12.277166,41.598236
0.1293,0.1573,0.1582,0.4228,0.3902,0.3046,0.455422,-0.45768,-0.003362,0.0,1,320.091766,1.07393,13.376709
0.1419,0.1695,0.1693,0.2772,0.2763,0.217,0.241657,-0.241101,0.030646,0.0,0,481.849396,21.148008,187.59494
0.1803,0.212,0.2438,0.3546,0.3586,0.3244,0.18516,-0.251677,0.059351,0.0,0,298.989868,0.699614,7.092499
0.1637,0.1939,0.2306,0.2986,0.4292,0.3859,0.128496,-0.212589,0.176009,0.0,1,358.419403,8.316313,54.997559
0.1422,0.1605,0.1765,0.3029,0.3438,0.2405,0.263663,-0.307294,0.077895,0.0,0,539.542847,2.31914,34.994507
0.1551,0.1802,0.2054,0.3665,0.4684,0.3677,0.281693,-0.340772,0.127321,0.0,0,368.369598,3.672573,32.546234
0.1328,0.1673,0.1731,0.4064,0.4068,0.3015,0.402588,-0.416768,0.036369,0.0,0,359.399506,1.336156,18.13327
0.1237,0.1473,0.145,0.4123,0.2828,0.1954,0.479634,-0.473553,-0.112264,7e-06,0,327.397125,0.287298,6.923798
0.1851,0.2249,0.256,0.3474,0.4849,0.4174,0.151475,-0.214049,0.163656,0.0,0,386.692383,2.92188,13.756378
0.1302,0.1481,0.1479,0.3179,0.2931,0.2066,0.364964,-0.364378,-0.007986,0.0,0,495.923553,6.103566,87.404785
0.1781,0.219,0.256,0.3301,0.4252,0.3652,0.126429,-0.202331,0.145451,0.0,0,305.667694,0.31879,8.921204
0.2089,0.2515,0.3167,0.4115,0.5122,0.4239,0.130184,-0.241327,0.143863,0.0,0,289.832794,0.273942,9.266937
0.2011,0.2433,0.2885,0.4035,0.4756,0.3702,0.166185,-0.247681,0.116534,0.0,1,623.799438,0.353917,19.103821
0.2242,0.2349,0.2775,0.3228,0.4153,0.3868,0.075462,-0.157612,0.1176,0.0,0,284.510071,0.556327,8.143951
0.2049,0.2476,0.2667,0.3388,0.399,0.3466,0.119075,-0.155525,0.100876,0.0,1,308.239624,2.351533,23.628265
0.1508,0.17,0.1768,0.2879,0.3093,0.2351,0.239079,-0.25748,0.051254,0.0,0,356.33609,16.585324,100.13974
0.1436,0.1637,0.1795,0.3101,0.4118,0.3223,0.266748,-0.308991,0.131675,0.0,0,356.227478,3.110322,25.834412
0.2011,0.2344,0.2771,0.377,0.5222,0.4252,0.152729,-0.233235,0.160592,0.0,1,617.860474,0.725608,17.57074
0.1533,0.1744,0.2003,0.2857,0.3842,0.3399,0.17572,-0.241904,0.142159,0.0,1,377.303192,7.228025,42.953156
0.3267,0.3744,0.3969,0.4713,0.4554,0.4097,0.085695,-0.11458,0.032903,0.0,1,333.221191,2.036761,49.945435
0.148,0.1795,0.1726,0.4224,0.3931,0.2888,0.419832,-0.403555,-0.004137,0.0,0,356.256744,2.078057,25.977997
0.1917,0.2348,0.2865,0.3756,0.4505,0.373,0.134572,-0.230668,0.130108,0.0,0,269.57785,0.537824,11.152435
0.1602,0.1763,0.1903,0.2404,0.3038,0.2703,0.116322,-0.153828,0.104504,0.0,1,641.350525,2.480233,58.317688
0.2042,0.2323,0.2836,0.3686,0.4695,0.3968,0.130328,-0.226826,0.135983,0.0,0,275.554443,0.779627,10.079773
0.1814,0.2302,0.2731,0.3257,0.4557,0.4133,0.087842,-0.171793,0.179383,0.0,1,340.552521,0.916474,11.362183
0.1775,0.2082,0.2516,0.3665,0.3745,0.3111,0.185892,-0.275448,0.070165,0.0,0,295.013763,1.040137,8.207306
0.1606,0.1897,0.1959,0.3649,0.3591,0.276,0.301355,-0.315903,0.027302,0.0,0,306.341309,0.946394,17.031219
0.1452,0.1671,0.1762,0.2692,0.3007,0.2372,0.208801,-0.234013,0.070122,0.0,0,363.611511,10.549616,149.011078
0.1804,0.2128,0.2816,0.3755,0.5178,0.4172,0.142901,-0.27656,0.179665,0.0,0,539.109924,2.870892,64.124451
0.1523,0.1789,0.2105,0.3442,0.3822,0.2728,0.241031,-0.316001,0.088322,0.0,0,580.804871,1.348936,23.604919
0.1992,0.2383,0.3019,0.3839,0.5227,0.4347,0.119568,-0.234008,0.171556,0.0,0,314.868134,3.317325,11.924896
0.1414,0.1652,0.1957,0.3036,0.4014,0.3011,0.216103,-0.295222,0.145955,0.0,0,331.144226,2.99913,17.927032
0.1511,0.1726,0.203,0.3083,0.3836,0.2792,0.205946,-0.282179,0.121606,0.0,0,622.316589,9.586712,64.515137
0.2241,0.2711,0.3365,0.4231,0.5464,0.445,0.114007,-0.218957,0.154042,0.0,0,288.340454,1.556336,10.317596
0.206,0.2479,0.294,0.3564,0.4695,0.4261,0.095941,-0.179547,0.151671,0.0,1,316.261719,0.557367,12.803467
0.1732,0.2075,0.2362,0.3384,0.3544,0.2849,0.177863,-0.239788,0.071675,0.0,0,285.845276,2.142885,21.15332
0.1676,0.205,0.266,0.3656,0.4474,0.3326,0.157695,-0.281458,0.144553,7e-06,0,360.965576,0.890361,17.259186
0.1648,0.1913,0.2087,0.3355,0.3655,0.2849,0.233003,-0.273728,0.068776,0.0,1,302.382324,2.166253,20.085754
0.1993,0.2373,0.2864,0.4063,0.4972,0.4111,0.173091,-0.262585,0.128131,0.0,0,268.10672,2.16936,10.201172
0.1237,0.1457,0.1515,0.3063,0.3276,0.2437,0.338139,-0.35531,0.054009,0.0,0,385.95697,4.286703,17.658264
0.1771,0.2185,0.2727,0.3969,0.5988,0.4783,0.185484,-0.289893,0.205811,0.0,0,603.153015,5.374588,73.519897
0.1286,0.1554,0.1589,0.2947,0.2944,0.2092,0.299383,-0.309487,0.034223,0.0,1,615.267639,1.468013,40.175232
0.1811,0.2149,0.2573,0.3352,0.449,0.3789,0.131477,-0.218688,0.155407,0.0,1,319.094055,2.31335,17.949524
0.1694,0.1978,0.2321,0.35,0.4648,0.3559,0.202543,-0.277839,0.145934,0.0,0,373.512115,2.569122,40.703522
0.1433,0.167,0.198,0.3203,0.4315,0.3171,0.235964,-0.314591,0.15177,0.0,0,549.537476,3.026018,14.674011
0.1848,0.2248,0.2704,0.4665,0.5165,0.4008,0.266115,-0.349631,0.094285,0.0,1,313.844116,0.937593,7.354248
0.1057,0.1363,0.1254,0.3136,0.2383,0.18,0.428702,-0.394088,-0.071009,7e-06,0,415.943115,1.611038,17.038635
0.2444,0.2996,0.3708,0.4721,0.5019,0.4183,0.12018,-0.223532,0.098288,0.0,0,296.126526,1.240524,6.972839
0.1382,0.1596,0.1754,0.3044,0.3486,0.2491,0.268862,-0.312069,0.084213,0.0,0,586.305542,6.474256,44.724365
0.1218,0.1415,0.1245,0.3474,0.2206,0.1651,0.472346,-0.42115,-0.152401,0.0,1,302.437592,1.636485,13.029022
0.1984,0.2407,0.2892,0.4308,0.4973,0.4106,0.196667,-0.283098,0.111111,0.0,0,279.881165,1.078667,11.834167
0.1222,0.1331,0.1329,0.242,0.2751,0.2078,0.291011,-0.290323,0.056721,0.0,0,456.438812,8.350772,20.010315
0.1958,0.2219,0.2549,0.3582,0.4835,0.3869,0.168488,-0.234959,0.14268,0.0,0,539.380249,2.345541,16.618042
0.1449,0.1698,0.19,0.3302,0.3833,0.3053,0.269512,-0.3208,0.093667,0.0,0,363.020508,6.84898,85.668121
0.1368,0.1675,0.1619,0.4367,0.3285,0.2403,0.459071,-0.445548,-0.078109,0.0,0,336.216431,1.275104,7.964935
0.1787,0.2161,0.2659,0.3213,0.4072,0.3542,0.094346,-0.195757,0.147558,0.0,0,256.072632,0.711427,5.66301
0.1481,0.1765,0.2011,0.3428,0.4214,0.3157,0.260526,-0.320239,0.118197,0.0,1,346.244141,0.625968,16.927002
0.125,0.1531,0.1565,0.284,0.288,0.2486,0.289444,-0.299474,0.041593,0.0,0,297.59549,2.623904,16.819244
0.1296,0.1709,0.1479,0.3639,0.2717,0.199,0.42204,-0.360883,-0.080933,0.0,1,319.277222,1.949305,33.976257
0.1729,0.2076,0.2259,0.3417,0.3774,0.3111,0.204017,-0.244129,0.079345,0.0,0,323.011078,0.383821,4.612671
0.1417,0.187,0.1928,0.4291,0.4623,0.3443,0.379965,-0.392956,0.068766,0.0,0,522.85907,3.246244,28.354004
0.1833,0.2199,0.2945,0.4308,0.5472,0.4224,0.187922,-0.324112,0.15634,0.0,0,585.292114,2.55699,16.93988
0.1626,0.1931,0.2501,0.3661,0.4849,0.3629,0.188251,-0.309371,0.163251,0.0,0,366.763519,1.771618,71.303772
0.1337,0.1655,0.1706,0.3576,0.4071,0.3161,0.354033,-0.367234,0.080823,0.0,0,330.823364,4.091791,21.406555
0.1623,0.1901,0.2324,0.3605,0.4591,0.3478,0.216057,-0.309481,0.138928,0.0,0,304.052979,2.140433,13.724091
0.1271,0.1497,0.149,0.3117,0.325,0.2548,0.353158,-0.351105,0.038563,0.0,0,341.503387,2.56883,11.457672
0.1611,0.2,0.2379,0.3416,0.4659,0.3894,0.178947,-0.261448,0.16668,0.0,0,272.799622,1.427228,11.151123
0.1379,0.1806,0.2166,0.3267,0.3895,0.2884,0.20265,-0.287995,0.132157,7e-06,0,368.385956,3.664231,35.521881
0.1773,0.2151,0.2407,0.3854,0.4884,0.4002,0.231113,-0.283597,0.128813,0.0,1,621.012207,0.525448,20.592102
0.1423,0.1602,0.1587,0.1406,0.2406,0.206,-0.060474,0.06516,0.170624,0.0,1,322.0,0.0,26.763947
0.1453,0.1773,0.1989,0.3229,0.3476,0.2688,0.237639,-0.291084,0.077166,0.0,1,616.137756,1.111043,9.864563
0.1624,0.1908,0.2356,0.3551,0.4922,0.3922,0.202302,-0.300971,0.168875,0.0,1,358.936279,5.319177,52.463806
0.15,0.1748,0.1964,0.3183,0.3303,0.2612,0.236837,-0.291016,0.058693,0.0,0,367.21759,1.218258,29.809326
0.1644,0.186,0.207,0.3433,0.372,0.3245,0.247683,-0.297185,0.065611,0.0,0,297.644592,1.311075,11.137756
0.1439,0.1671,0.1741,0.3558,0.3347,0.2408,0.342895,-0.360872,0.009023,0.0,0,531.018188,4.002825,73.819946
0.1776,0.2002,0.2433,0.426,0.3822,0.2934,0.272972,-0.360588,0.017818,0.0,0,339.520447,0.30639,4.204529
0.1318,0.171,0.1677,0.3867,0.3151,0.2495,0.395022,-0.386767,-0.035654,0.0,0,279.440887,2.000525,6.558411
0.1553,0.1836,0.1987,0.3786,0.4394,0.3394,0.311623,-0.346852,0.088908,0.0,1,354.971741,3.128893,45.673035
0.1999,0.2392,0.2946,0.4352,0.5526,0.4262,0.192656,-0.290629,0.143088,0.0,0,331.861206,1.235043,23.247223
0.1792,0.2197,0.25,0.3388,0.4542,0.3901,0.150815,-0.21325,0.152348,0.0,0,280.803864,1.299255,10.32547
0.1458,0.1775,0.1808,0.3959,0.3949,0.2875,0.372984,-0.380886,0.030428,0.0,1,331.279297,3.269067,36.073547
0.1659,0.1903,0.2226,0.3229,0.4184,0.3378,0.183868,-0.258379,0.134714,0.0,0,276.893494,1.693383,12.017944
0.134,0.1538,0.1797,0.2755,0.3812,0.2756,0.210457,-0.283485,0.156018,0.0,0,617.513489,10.298604,66.664795
0.1426,0.172,0.1681,0.3931,0.3307,0.2713,0.400927,-0.391258,-0.035669,0.0,0,280.088531,1.54285,8.855408
0.1221,0.1533,0.1787,0.3192,0.311,0.2264,0.282185,-0.351111,0.051987,7e-06,0,369.262451,0.356538,38.858582
0.151,0.184,0.2099,0.3646,0.4059,0.3105,0.269278,-0.329202,0.088563,0.0,0,404.251709,14.568498,114.6763
0.1453,0.1656,0.182,0.3156,0.3626,0.2603,0.268489,-0.311721,0.083242,0.0,0,590.753967,7.514527,42.897522
0.13,0.1613,0.1468,0.423,0.3537,0.2794,0.484731,-0.447886,-0.049834,0.0,1,331.357605,9.021078,111.811768
0.163,0.1972,0.2321,0.2897,0.3816,0.3289,0.110387,-0.189977,0.150975,0.0,0,288.074097,2.417095,8.226898
0.1572,0.1834,0.2142,0.3468,0.4345,0.3363,0.236364,-0.308186,0.125531,0.0,0,415.013214,3.635893,59.387787
0.2354,0.2819,0.3512,0.4638,0.5543,0.437,0.13816,-0.243932,0.12856,0.0,1,311.636353,0.743548,7.73761
0.1403,0.1568,0.1908,0.2511,0.3001,0.2574,0.136456,-0.231184,0.112773,0.0,0,545.88446,4.530697,40.898682
0.1474,0.1752,0.1991,0.2552,0.2247,0.2039,0.123487,-0.185874,0.025653,0.0,0,321.327179,1.16274,13.28363
0.1945,0.2377,0.2851,0.3551,0.4438,0.4003,0.109341,-0.198043,0.140242,0.0,1,312.40863,0.290345,9.438446
0.1842,0.2158,0.2394,0.3656,0.3684,0.3113,0.208595,-0.257654,0.050104,0.0,1,307.700897,4.029509,31.628693
0.1405,0.1744,0.1785,0.3308,0.3749,0.2849,0.299038,-0.30958,0.080121,0.0,0,303.826294,1.524756,9.862701
0.2266,0.2525,0.3045,0.3865,0.552,0.4769,0.118669,-0.209703,0.165623,0.0,0,281.888519,0.932197,12.778534
0.1536,0.1814,0.2322,0.3311,0.4627,0.3684,0.175573,-0.292098,0.178196,0.0,0,340.620544,0.528866,39.935913
0.1543,0.1793,0.2031,0.3183,0.3447,0.2477,0.220944,-0.279341,0.073697,0.0,0,621.568237,12.965664,76.348694
0.1489,0.1719,0.1961,0.3128,0.4007,0.3061,0.229318,-0.290695,0.127633,0.0,0,558.412476,12.778785,48.332336
0.1847,0.2022,0.2385,0.3073,0.4269,0.3765,0.126053,-0.206281,0.149819,0.0,1,444.084564,20.540504,134.174377
0.2321,0.242,0.2661,0.3403,0.4407,0.4396,0.122361,-0.168813,0.105066,2e-06,1,584.0,1.527525,8.0
0.1961,0.2087,0.223,0.3578,0.4195,0.3998,0.232094,-0.263195,0.074055,2e-06,1,598.0,5.491994,9.0
0.1537,0.1777,0.1658,0.3783,0.3094,0.2208,0.390553,-0.360791,-0.056394,2e-06,1,578.0,3.41242,6.0
0.2324,0.2929,0.3419,0.4082,0.4863,0.419,0.088388,-0.164456,0.127723,2e-06,1,577.0,4.313351,13.0
0.1655,0.1791,0.1966,0.2821,0.334,0.287,0.178609,-0.22333,0.08485,2e-06,1,573.0,1.527525,9.0
0.1753,0.1993,0.2119,0.3468,0.3886,0.317,0.241453,-0.270097,0.069838,2e-06,1,574.0,10.986526,14.0
0.1969,0.2239,0.2254,0.3889,0.3518,0.301,0.266157,-0.269256,-0.007395,2e-06,1,595.0,3.41242,9.0
0.2037,0.2146,0.2204,0.3667,0.4105,0.3718,0.249191,-0.261655,0.050362,2e-06,1,590.0,0.0,8.0
0.1519,0.1725,0.1561,0.3796,0.2699,0.1966,0.417211,-0.375113,-0.110183,2e-06,1,577.0,2.159736,5.0
0.1818,0.2017,0.2024,0.3032,0.3269,0.2753,0.199367,-0.20103,0.043675,2e-06,1,574.0,3.41242,14.0
0.1526,0.1689,0.1563,0.1939,0.1765,0.1484,0.107367,-0.068909,-0.020168,2e-06,1,589.0,1.527525,6.0
0.2195,0.2346,0.257,0.3584,0.413,0.3909,0.164771,-0.208769,0.073804,2e-06,1,586.0,4.313351,11.0
0.2117,0.2377,0.2407,0.3872,0.3486,0.2964,0.233317,-0.239238,-0.008079,2e-06,1,571.0,4.313351,13.0
0.1818,0.2089,0.215,0.3475,0.3532,0.2996,0.235556,-0.249101,0.035444,2e-06,1,574.0,3.41242,9.0
0.2075,0.2077,0.2137,0.3301,0.4148,0.4017,0.214049,-0.227594,0.077952,2e-06,1,593.0,2.159736,7.0
0.1964,0.2184,0.238,0.3434,0.406,0.3712,0.181287,-0.222499,0.088022,2e-06,1,591.0,3.052882,5.0
0.193,0.2126,0.2448,0.3414,0.3992,0.3834,0.16479,-0.232491,0.093007,2e-06,1,596.0,3.052882,9.0
0.1729,0.194,0.2114,0.3032,0.393,0.328,0.178391,-0.21963,0.118741,2e-06,1,588.0,3.41242,8.0
0.185,0.1969,0.2085,0.2527,0.2928,0.2664,0.095837,-0.12411,0.067732,2e-06,1,605.0,6.45483,10.0
0.1553,0.1853,0.1531,0.4941,0.3087,0.2017,0.526885,-0.454519,-0.168827,2e-06,1,586.0,2.159736,7.0
0.1614,0.1802,0.1977,0.3399,0.3823,0.3194,0.264509,-0.307056,0.072783,0.000103,0,763.0,5.491994,24.0
0.1581,0.1817,0.1809,0.3756,0.3468,0.253,0.349865,-0.347927,-0.005653,0.000103,0,621.0,3.41242,23.0
0.1531,0.1814,0.1618,0.4064,0.3124,0.2272,0.430482,-0.382783,-0.082519,0.000103,0,680.0,12.133526,38.0
0.1482,0.1726,0.1546,0.3894,0.3013,0.2207,0.431618,-0.385765,-0.082235,0.000103,0,750.0,6.45483,26.0
0.1518,0.1734,0.1651,0.3761,0.3426,0.2453,0.389874,-0.368881,-0.019506,0.000103,0,636.0,3.41242,12.0
0.1524,0.1888,0.1562,0.4221,0.293,0.214,0.459796,-0.381896,-0.122399,0.000103,0,749.0,8.838262,25.0
0.151,0.1711,0.1713,0.3722,0.339,0.2631,0.369641,-0.370145,-0.012482,0.000103,0,765.0,3.052882,22.0
0.1627,0.1764,0.1926,0.3183,0.3878,0.2942,0.246036,-0.28684,0.09365,0.000103,0,636.0,3.41242,15.0
0.1525,0.1814,0.1632,0.4196,0.3156,0.2261,0.439945,-0.396339,-0.088781,0.000103,0,676.0,18.255058,52.0
0.1513,0.1714,0.1676,0.3286,0.3023,0.2347,0.324466,-0.3144,-0.010529,0.000103,0,727.0,8.578358,32.0
0.1555,0.1774,0.1709,0.4002,0.3443,0.2472,0.401506,-0.385734,-0.037819,0.000103,0,629.0,8.172055,22.0
0.1618,0.1869,0.1861,0.3732,0.3568,0.2594,0.334525,-0.332619,0.007329,0.000103,0,636.0,6.800801,25.0
0.1542,0.1777,0.1734,0.3827,0.3326,0.2521,0.376371,-0.36581,-0.029629,0.000103,0,761.0,9.689803,45.0
0.154,0.1798,0.1713,0.3909,0.3356,0.2401,0.390608,-0.369897,-0.036129,0.000103,0,657.0,4.573921,23.0
0.1567,0.1827,0.1791,0.3632,0.3406,0.2638,0.33948,-0.330647,-0.000192,0.000103,0,684.0,4.313351,28.0
0.1577,0.1796,0.1688,0.3944,0.3259,0.2396,0.400568,-0.374216,-0.054834,0.000103,0,663.0,12.133526,43.0
0.1511,0.1807,0.1661,0.403,0.3262,0.2468,0.416271,-0.380846,-0.05906,0.000103,0,755.0,6.800801,25.0
0.1516,0.1747,0.1727,0.379,0.3392,0.2421,0.373935,-0.368972,-0.017938,0.000103,0,636.0,3.052882,19.0
0.1525,0.1771,0.1677,0.3695,0.3303,0.2477,0.375652,-0.351994,-0.023529,0.000103,0,626.0,1.527525,13.0
0.1537,0.1725,0.1714,0.353,0.3327,0.2438,0.346301,-0.343482,-0.002572,0.000103,0,619.0,8.172055,21.0
0.1542,0.1866,0.1997,0.3607,0.3847,0.2912,0.287295,-0.318107,0.063222,0.000498,0,48.0,3.052882,11.0
0.162,0.2092,0.2418,0.3728,0.4298,0.3088,0.213147,-0.2811,0.113395,0.000498,0,78.0,8.578358,27.0
0.1598,0.1922,0.2109,0.3782,0.4046,0.2987,0.283993,-0.326087,0.067187,0.000498,0,54.0,1.527525,7.0
0.1671,0.2013,0.2499,0.3078,0.4091,0.3451,0.103819,-0.209193,0.16236,0.000498,0,43.0,4.820199,12.0
0.1567,0.1969,0.1873,0.464,0.3909,0.2843,0.424843,-0.404146,-0.035449,0.000498,0,68.0,3.052882,18.0
0.1511,0.1888,0.1914,0.4216,0.3714,0.2836,0.37553,-0.381389,-0.008719,0.000498,0,45.0,4.313351,7.0
0.2141,0.247,0.2667,0.3618,0.3895,0.3233,0.151313,-0.188568,0.065173,0.000498,0,67.0,6.800801,27.0
0.1599,0.199,0.2275,0.3802,0.4223,0.3122,0.251275,-0.312845,0.092193,0.000498,0,83.0,4.820199,26.0
0.1823,0.2125,0.2363,0.3875,0.4249,0.3231,0.242385,-0.291667,0.074249,0.000498,0,54.0,4.820199,27.0
0.1542,0.1933,0.1951,0.3935,0.4057,0.29,0.337071,-0.341172,0.046234,0.000498,0,60.0,1.527525,16.0
0.1519,0.1822,0.1834,0.3993,0.3847,0.2693,0.370517,-0.373345,0.015099,0.000498,0,125.0,9.689803,34.0
0.145,0.1774,0.1827,0.3683,0.3725,0.2761,0.336842,-0.349826,0.039214,0.000498,0,60.0,5.491994,12.0
0.1418,0.1683,0.1626,0.3919,0.3425,0.239,0.413526,-0.399143,-0.027532,0.000498,0,100.0,12.74985,49.0
0.1651,0.1965,0.2085,0.3665,0.4029,0.296,0.274783,-0.301954,0.069816,0.000498,0,63.0,2.159736,7.0
0.1538,0.1912,0.2047,0.379,0.347,0.262,0.298612,-0.329358,0.017427,0.000498,0,60.0,4.313351,11.0
0.139,0.1751,0.1692,0.4224,0.3849,0.2735,0.427992,-0.413891,-0.006544,0.000498,0,57.0,5.491994,9.0
0.1434,0.1794,0.1833,0.3954,0.3666,0.26,0.366511,-0.375783,0.010196,0.000498,0,62.0,4.820199,13.0
0.1722,0.1996,0.228,0.3119,0.3638,0.2933,0.155399,-0.21955,0.100102,0.000498,0,42.0,3.052882,12.0
0.3762,0.3874,0.3846,0.4842,0.4496,0.3745,0.114641,-0.11106,-0.015461,0.000498,0,51.0,2.159736,6.0
0.1493,0.1835,0.178,0.3993,0.3709,0.2603,0.383336,-0.370281,0.000273,0.000498,0,111.0,21.624784,69.0
0.208,0.2505,0.2708,0.412,0.4334,0.3726,0.206796,-0.243774,0.063586,0.000498,0,41.0,0.0,10.0
0.1828,0.2181,0.2392,0.3412,0.391,0.3308,0.175741,-0.220097,0.092012,0.000498,0,23.0,2.159736,17.0
0.197,0.2342,0.2599,0.3724,0.3701,0.2908,0.177922,-0.227827,0.050525,0.000498,0,26.0,7.594643,12.0
0.1684,0.2027,0.2265,0.3886,0.4463,0.3446,0.263534,-0.314392,0.094162,0.000498,0,20.0,4.313351,8.0
0.1824,0.2241,0.2517,0.3983,0.4567,0.3558,0.225538,-0.279884,0.099061,0.000498,0,37.0,2.159736,11.0
0.1817,0.223,0.2518,0.3401,0.4103,0.3416,0.149181,-0.207956,0.118507,0.000498,0,32.0,1.527525,8.0
0.1427,0.172,0.1613,0.1751,0.2185,0.1859,0.041023,-0.008931,0.088876,0.000498,0,33.0,6.800801,12.0
0.1496,0.1724,0.174,0.2637,0.2802,0.2252,0.204935,-0.209356,0.047147,0.000498,0,30.0,2.159736,12.0
0.1533,0.1912,0.1887,0.4059,0.3644,0.2797,0.365288,-0.359571,-0.005484,0.000498,0,28.0,3.41242,8.0
0.1685,0.203,0.2067,0.4414,0.414,0.3205,0.362135,-0.369957,0.008776,0.000498,0,34.0,3.052882,12.0
0.145,0.1894,0.1684,0.4459,0.3701,0.2635,0.451734,-0.403746,-0.046396,0.000498,0,23.0,3.052882,11.0
0.1308,0.1444,0.1422,0.1527,0.2187,0.1838,0.035605,-0.027937,0.120112,0.000498,0,20.0,6.800801,10.0
0.1742,0.2069,0.2372,0.3326,0.3881,0.317,0.167427,-0.232994,0.104673,0.000498,0,24.0,1.527525,7.0
0.1787,0.2196,0.261,0.3329,0.4207,0.3582,0.121064,-0.205068,0.142546,0.000498,0,23.0,2.159736,10.0
0.1929,0.2342,0.2835,0.3417,0.4333,0.3749,0.09309,-0.186664,0.145597,0.000498,0,31.0,4.313351,6.0
0.1568,0.1923,0.1933,0.4186,0.3933,0.3074,0.368197,-0.370437,0.009639,0.000498,0,25.0,1.527525,10.0
0.2327,0.2827,0.3308,0.4051,0.495,0.439,0.100965,-0.177959,0.12845,0.000498,0,26.0,4.573921,13.0
0.1804,0.2196,0.2445,0.3759,0.4099,0.339,0.211799,-0.262469,0.081027,0.000498,0,32.0,3.41242,6.0
0.1716,0.2078,0.2382,0.3411,0.3793,0.3018,0.177628,-0.242849,0.092727,0.000498,0,24.0,6.274438,8.0
0.1993,0.2448,0.2876,0.3648,0.423,0.3705,0.118332,-0.19685,0.114929,0.000498,0,30.0,2.159736,7.0
0.178,0.2125,0.2466,0.2864,0.3715,0.3411,0.074672,-0.148126,0.141986,0.0,1,285.0,2.159736,6.0
0.1938,0.2271,0.2686,0.3789,0.4423,0.3606,0.170347,-0.250495,0.107666,0.0,1,294.0,1.527525,4.0
0.168,0.1913,0.2264,0.2881,0.4068,0.3502,0.119922,-0.201919,0.162581,0.0,1,288.0,1.527525,4.0
0.1915,0.2249,0.2605,0.297,0.388,0.3513,0.065471,-0.138149,0.140721,0.0,1,285.0,0.0,4.0
0.1646,0.1914,0.2242,0.2781,0.3704,0.3407,0.107306,-0.184665,0.146438,0.0,1,281.0,3.052882,5.0
0.1619,0.1909,0.2167,0.3382,0.3701,0.304,0.218958,-0.278397,0.079768,0.0,1,276.0,1.527525,3.0
0.166,0.1906,0.2222,0.3196,0.4117,0.3423,0.179771,-0.252842,0.13247,0.0,1,286.0,1.527525,4.0
0.1755,0.2016,0.2339,0.2765,0.3601,0.3246,0.083464,-0.156662,0.135755,0.0,1,291.0,3.052882,5.0
0.1757,0.2031,0.2398,0.3022,0.3794,0.3278,0.115129,-0.196121,0.128794,0.0,1,288.0,1.527525,3.0
0.1803,0.2168,0.2548,0.2999,0.3803,0.3446,0.081305,-0.160828,0.138886,0.0,1,291.0,2.159736,5.0
0.2358,0.2552,0.2785,0.2985,0.3618,0.3375,0.034662,-0.078201,0.090243,0.0,1,282.0,1.527525,7.0
0.1664,0.1952,0.2278,0.3027,0.3938,0.3408,0.141188,-0.215907,0.139818,0.0,1,288.0,1.527525,4.0
0.1823,0.2144,0.2494,0.2996,0.3752,0.3321,0.091439,-0.165759,0.128965,0.0,1,286.0,1.527525,4.0
0.1471,0.1881,0.1565,0.4874,0.3349,0.2534,0.5139,-0.443079,-0.127098,0.0,1,283.0,4.573921,8.0
0.2077,0.2448,0.2525,0.4007,0.4369,0.3933,0.226883,-0.241518,0.062413,0.0,1,293.0,0.0,4.0
0.1974,0.2239,0.2514,0.3208,0.3745,0.3301,0.121286,-0.177896,0.094135,0.0,1,288.0,1.527525,4.0
0.1869,0.2181,0.2536,0.3574,0.4321,0.356,0.169885,-0.24205,0.114959,0.0,1,286.0,2.159736,5.0
0.1948,0.2341,0.2725,0.4007,0.4562,0.3651,0.190434,-0.262445,0.100589,0.0,1,281.0,0.0,4.0
0.1894,0.2214,0.2584,0.353,0.4333,0.3645,0.154727,-0.229109,0.120979,0.0,1,284.0,3.41242,4.0
0.1617,0.1845,0.2076,0.2754,0.3508,0.3171,0.140373,-0.197652,0.121848,0.0,1,282.0,3.41242,3.0
0.1601,0.1912,0.2004,0.4165,0.4094,0.3154,0.3503,-0.370742,0.027984,4.6e-05,0,154.0,1.527525,5.0
0.181,0.2115,0.257,0.3778,0.4594,0.3742,0.190296,-0.282199,0.123588,4.6e-05,0,156.0,4.313351,8.0
0.1876,0.2211,0.2729,0.379,0.4946,0.4014,0.162755,-0.263123,0.150588,4.6e-05,0,144.0,4.313351,10.0
0.2131,0.2438,0.2779,0.3657,0.4582,0.4089,0.13642,-0.2,0.119629,4.6e-05,0,153.0,3.052882,5.0
0.2035,0.2428,0.2989,0.3996,0.536,0.4525,0.144166,-0.244085,0.161196,4.6e-05,0,153.0,1.527525,7.0
0.2049,0.2401,0.2884,0.3889,0.5306,0.4614,0.148383,-0.236566,0.1594,4.6e-05,0,151.0,3.41242,9.0
0.1753,0.2055,0.2272,0.3722,0.4022,0.331,0.241909,-0.288558,0.06959,4.6e-05,0,159.0,3.41242,5.0
0.1816,0.2147,0.2342,0.3948,0.4109,0.3293,0.255326,-0.295488,0.056242,4.6e-05,0,154.0,1.527525,7.0
0.188,0.2189,0.2586,0.3557,0.4744,0.3985,0.158066,-0.238079,0.148273,4.6e-05,0,144.0,3.41242,7.0
0.1635,0.1924,0.1992,0.3884,0.3835,0.3098,0.321988,-0.337466,0.027146,4.6e-05,0,158.0,0.0,8.0
0.188,0.2186,0.264,0.3704,0.485,0.4101,0.167718,-0.257725,0.145786,4.6e-05,0,157.0,4.820199,6.0
0.1763,0.2022,0.2266,0.3527,0.4549,0.3618,0.217676,-0.27122,0.125981,4.6e-05,0,153.0,0.0,6.0
0.1729,0.1954,0.227,0.2787,0.3608,0.304,0.102235,-0.175701,0.131037,4.6e-05,0,145.0,1.527525,3.0
0.1767,0.2012,0.2319,0.3592,0.4499,0.3388,0.215361,-0.281941,0.119816,4.6e-05,0,152.0,1.527525,5.0
0.1593,0.1919,0.1936,0.4388,0.3938,0.3142,0.387729,-0.39147,-0.009026,4.6e-05,0,156.0,1.527525,3.0
0.1666,0.1942,0.2001,0.3763,0.4062,0.3174,0.30569,-0.319194,0.055169,4.6e-05,0,154.0,0.0,6.0
0.1616,0.1912,0.1972,0.3894,0.3666,0.2736,0.327651,-0.341371,0.011482,4.6e-05,0,155.0,2.159736,9.0
0.1981,0.2419,0.3075,0.407,0.5319,0.4656,0.139258,-0.254431,0.162201,4.6e-05,0,148.0,4.820199,5.0
0.1857,0.2213,0.2618,0.4009,0.4934,0.4045,0.209899,-0.288653,0.125652,4.6e-05,0,149.0,1.527525,8.0
0.2017,0.2496,0.3235,0.4204,0.5678,0.511,0.130259,-0.254925,0.177878,4.6e-05,0,153.0,3.41242,6.0
0.1268,0.1596,0.1489,0.3325,0.2922,0.2078,0.381388,-0.351351,-0.020213,0.0,0,544.0,2.159736,8.0
0.1305,0.1572,0.1466,0.3417,0.2864,0.1997,0.399549,-0.369814,-0.043305,0.0,0,654.0,19.685728,88.0
0.125,0.1542,0.1361,0.3822,0.2663,0.1815,0.474822,-0.425056,-0.115215,0.0,0,615.0,14.121026,55.0
0.1315,0.1688,0.1652,0.3636,0.3377,0.2362,0.375189,-0.36589,0.007816,0.0,0,570.0,4.820199,14.0
0.1277,0.1665,0.1472,0.3929,0.2905,0.2015,0.454916,-0.404719,-0.086507,0.0,0,606.0,9.689803,46.0
0.1352,0.1749,0.1443,0.448,0.2856,0.1857,0.512747,-0.438433,-0.151318,0.0,0,713.0,24.534792,102.0
0.1317,0.1649,0.1461,0.4083,0.2875,0.1933,0.472944,-0.424634,-0.109285,0.0,0,775.0,18.639744,64.0
0.1265,0.1644,0.1438,0.3893,0.2975,0.2,0.460514,-0.406177,-0.077839,0.0,0,580.0,3.41242,17.0
0.1346,0.1697,0.1455,0.4425,0.2917,0.1927,0.505102,-0.445606,-0.137928,0.0,0,835.0,28.799679,98.0
0.136,0.1626,0.1626,0.3234,0.3071,0.2265,0.330864,-0.330864,0.011086,0.0,0,694.0,24.386372,102.0
0.1307,0.1704,0.154,0.367,0.3075,0.2141,0.408829,-0.365836,-0.03774,0.0,0,609.0,7.594643,48.0
0.1314,0.1606,0.1432,0.3427,0.2705,0.1959,0.410578,-0.361812,-0.068033,0.0,0,869.0,3.41242,27.0
0.1263,0.1574,0.1566,0.3378,0.3217,0.2247,0.366505,-0.364297,0.015068,0.0,0,538.0,6.800801,26.0
0.14,0.1704,0.1621,0.3843,0.3015,0.2123,0.406662,-0.385614,-0.061443,0.0,0,834.0,22.655624,39.0
0.1361,0.1706,0.1789,0.3699,0.3616,0.2566,0.348032,-0.368733,0.032967,0.0,0,582.0,2.159736,13.0
0.1365,0.1727,0.1676,0.3914,0.3178,0.22,0.400358,-0.387697,-0.041942,0.0,0,680.0,20.662642,83.0
0.1258,0.162,0.1415,0.378,0.279,0.1917,0.455245,-0.4,-0.090122,0.0,0,661.0,16.601549,92.0
0.1228,0.1642,0.1353,0.4234,0.2751,0.1841,0.515661,-0.441116,-0.141961,0.0,0,610.0,21.219822,71.0
0.1384,0.1781,0.1559,0.3815,0.2862,0.209,0.419799,-0.363474,-0.080873,0.0,0,856.0,21.490978,75.0
0.1469,0.1681,0.2039,0.294,0.3968,0.3222,0.18096,-0.272452,0.153418,0.0,0,541.0,0.0,15.0
0.1488,0.1766,0.1691,0.3671,0.3344,0.2474,0.369265,-0.350377,-0.012164,2e-06,0,628.0,3.052882,11.0
0.1453,0.1577,0.1745,0.2932,0.362,0.2696,0.253795,-0.30051,0.100513,2e-06,0,648.0,3.41242,14.0
0.1518,0.1735,0.1765,0.3263,0.3513,0.2709,0.297932,-0.305722,0.049408,2e-06,0,653.0,4.313351,6.0
0.131,0.1568,0.131,0.4445,0.243,0.1646,0.544744,-0.478463,-0.212217,2e-06,0,629.0,3.052882,13.0
0.152,0.1763,0.1755,0.3849,0.3343,0.2468,0.373662,-0.371703,-0.025891,2e-06,0,627.0,6.274438,11.0
0.1465,0.1634,0.1622,0.3322,0.3439,0.2526,0.343851,-0.340597,0.027823,2e-06,0,656.0,3.052882,13.0
0.1429,0.1566,0.1632,0.2992,0.3286,0.2433,0.294118,-0.312857,0.053218,2e-06,0,689.0,7.743239,14.0
0.1592,0.187,0.1801,0.4114,0.3803,0.2786,0.39104,-0.375,-0.009019,2e-06,0,651.0,6.800801,8.0
0.1559,0.1689,0.1908,0.3033,0.4057,0.3053,0.227687,-0.284625,0.130056,2e-06,0,634.0,3.41242,10.0
0.1523,0.1767,0.1865,0.3373,0.4023,0.3401,0.287896,-0.312451,0.091988,2e-06,0,667.0,4.573921,12.0
0.1514,0.1685,0.1848,0.2992,0.378,0.3169,0.236364,-0.279453,0.110716,2e-06,0,657.0,2.159736,5.0
0.148,0.1639,0.1697,0.2919,0.3516,0.2662,0.264731,-0.280825,0.084686,2e-06,0,654.0,1.527525,7.0
0.1538,0.1754,0.1749,0.3164,0.3332,0.2601,0.288011,-0.286702,0.038741,2e-06,0,646.0,4.820199,8.0
0.1456,0.1606,0.169,0.3086,0.3463,0.2536,0.292295,-0.315431,0.063022,2e-06,0,670.0,4.313351,16.0
0.1401,0.1562,0.1561,0.3163,0.3116,0.2252,0.339119,-0.338836,0.012228,2e-06,0,672.0,2.159736,12.0
0.1576,0.1725,0.1884,0.3202,0.3953,0.2972,0.259143,-0.299777,0.099764,2e-06,0,642.0,3.052882,13.0
0.1553,0.1699,0.1847,0.2999,0.3997,0.3168,0.237722,-0.276713,0.124279,2e-06,0,649.0,3.41242,12.0
0.1327,0.1372,0.1266,0.1561,0.1697,0.1536,0.104351,-0.064439,0.012818,2e-06,0,633.0,6.274438,7.0
0.1473,0.1715,0.1605,0.3581,0.3347,0.2414,0.381026,-0.352341,-0.010194,2e-06,0,665.0,4.573921,15.0
0.1456,0.1649,0.1538,0.3558,0.3225,0.2395,0.396389,-0.366622,-0.025673,2e-06,0,649.0,1.527525,12.0
0.16,0.204,0.2146,0.4594,0.431,0.325,0.363205,-0.384986,0.020711,0.003086,1,223.0,3.41242,11.0
0.2254,0.2515,0.2754,0.3112,0.3752,0.3447,0.06103,-0.106096,0.096024,0.003086,1,209.0,0.0,9.0
0.1829,0.2324,0.2341,0.4812,0.4395,0.3552,0.345449,-0.348655,0.007102,0.003086,1,210.0,1.527525,5.0
0.31,0.3391,0.3927,0.4435,0.4957,0.4588,0.060751,-0.133401,0.082161,0.003086,1,211.0,3.052882,11.0
0.3375,0.3708,0.4102,0.4533,0.518,0.4668,0.049913,-0.100109,0.07993,0.003086,1,224.0,3.41242,9.0
0.3006,0.3415,0.3661,0.4629,0.476,0.4187,0.116767,-0.15092,0.048954,0.003086,1,230.0,3.41242,11.0
0.1993,0.24,0.2515,0.4004,0.3945,0.331,0.228409,-0.250468,0.037168,0.003086,1,228.0,1.527525,6.0
0.2027,0.254,0.2887,0.4552,0.4383,0.3623,0.22382,-0.2837,0.049895,0.003086,1,215.0,1.527525,5.0
0.3112,0.341,0.3819,0.4288,0.4569,0.4366,0.057851,-0.114056,0.062579,0.003086,1,216.0,4.313351,10.0
0.3215,0.3599,0.4029,0.4751,0.5062,0.4618,0.082232,-0.137964,0.065955,0.003086,1,222.0,4.820199,14.0
0.1458,0.1851,0.1902,0.3595,0.3104,0.2466,0.307986,-0.320235,-0.004672,0.003086,1,223.0,3.052882,9.0
0.3334,0.3784,0.4118,0.5182,0.4749,0.4036,0.114409,-0.155922,0.020192,0.003086,1,231.0,3.41242,8.0
0.1158,0.1301,0.1342,0.145,0.1694,0.1563,0.038682,-0.054162,0.075833,0.003086,1,224.0,6.800801,9.0
0.26,0.3066,0.3544,0.4294,0.4921,0.4255,0.095688,-0.166848,0.102285,0.003086,1,227.0,2.159736,10.0
0.145,0.1841,0.195,0.4026,0.4093,0.3162,0.34739,-0.372422,0.049223,0.003086,1,205.0,2.159736,5.0
0.2162,0.2682,0.2792,0.4923,0.4472,0.3538,0.276215,-0.294675,0.012475,0.003086,1,210.0,1.527525,5.0
0.1772,0.224,0.2517,0.4426,0.4346,0.3541,0.274953,-0.327933,0.050915,0.003086,1,238.0,9.689803,17.0
0.2831,0.3256,0.3636,0.4147,0.4878,0.4367,0.065656,-0.120357,0.099148,0.003086,1,215.0,1.527525,5.0
0.2438,0.2843,0.3318,0.3938,0.4833,0.4418,0.085446,-0.161481,0.122186,0.003086,1,218.0,3.052882,9.0
0.2643,0.3058,0.3402,0.4195,0.4754,0.4345,0.104383,-0.156763,0.087902,0.003086,1,202.0,4.573921,12.0
0.1598,0.1925,0.2224,0.264,0.338,0.287,0.085526,-0.156627,0.138793,0.000498,0,15.0,3.41242,6.0
0.1832,0.2178,0.2618,0.3124,0.3988,0.3518,0.088123,-0.178423,0.142709,0.000498,0,22.0,1.527525,11.0
0.1332,0.1742,0.1587,0.4454,0.3551,0.2591,0.47459,-0.437702,-0.059319,0.000498,0,21.0,4.313351,10.0
0.1757,0.2117,0.2493,0.2949,0.3735,0.3298,0.083793,-0.164232,0.139199,0.000498,0,14.0,2.159736,6.0
0.1925,0.2269,0.2498,0.371,0.3848,0.3201,0.195232,-0.24101,0.059344,0.000498,0,28.0,4.313351,11.0
0.1848,0.2225,0.2641,0.3198,0.4027,0.3456,0.095393,-0.179421,0.138467,0.000498,0,22.0,0.0,8.0
0.1271,0.1709,0.1471,0.4419,0.3503,0.2441,0.500509,-0.442232,-0.067142,0.000498,0,26.0,4.573921,9.0
0.1689,0.2058,0.2359,0.3114,0.3826,0.3324,0.13795,-0.204176,0.125774,0.000498,0,21.0,4.820199,8.0
0.1697,0.2052,0.2494,0.3146,0.4019,0.3489,0.115603,-0.210466,0.147059,0.000498,0,22.0,1.527525,9.0
0.1852,0.2255,0.2733,0.3511,0.4286,0.3625,0.1246,-0.217829,0.133743,0.000498,0,18.0,4.313351,4.0
0.2055,0.2393,0.2779,0.3241,0.42,0.3813,0.076744,-0.150515,0.137108,0.000498,0,17.0,3.052882,5.0
0.181,0.2215,0.2641,0.3398,0.4148,0.354,0.125352,-0.210761,0.131783,0.000498,0,18.0,2.159736,7.0
0.1892,0.2247,0.272,0.3383,0.4293,0.3704,0.108635,-0.201776,0.141439,0.000498,0,18.0,1.527525,10.0
0.1667,0.2037,0.2365,0.3793,0.4185,0.3338,0.231893,-0.301201,0.090758,0.000498,0,21.0,2.159736,8.0
0.153,0.1877,0.1986,0.3593,0.3608,0.2726,0.288044,-0.313711,0.043949,0.000498,0,19.0,1.527525,10.0
0.164,0.1947,0.1975,0.3963,0.3626,0.2809,0.334793,-0.341117,-0.000178,0.000498,0,19.0,2.159736,8.0
0.1776,0.2134,0.2245,0.3807,0.3809,0.3134,0.258096,-0.281602,0.040474,0.000498,0,21.0,4.573921,10.0
0.1723,0.2089,0.2459,0.3391,0.4004,0.328,0.159316,-0.237591,0.116524,0.000498,0,17.0,1.527525,5.0
0.1778,0.2128,0.2455,0.3361,0.3782,0.3169,0.155777,-0.224631,0.096519,0.000498,0,16.0,3.052882,7.0
0.1715,0.2013,0.2314,0.3017,0.3622,0.3163,0.13187,-0.199602,0.112861,0.000498,0,16.0,0.0,4.0
0.1423,0.1658,0.185,0.3097,0.3496,0.2662,0.252072,-0.302629,0.083722,6e-06,0,869.0,31.303511,113.0
0.1466,0.1635,0.196,0.2623,0.3765,0.3203,0.144665,-0.232034,0.166701,6e-06,0,822.0,25.675461,110.0
0.1436,0.1683,0.1931,0.3148,0.3627,0.2806,0.239614,-0.30325,0.096036,6e-06,0,878.0,31.032267,119.0
0.1473,0.171,0.194,0.3233,0.3569,0.2742,0.249952,-0.308112,0.07861,6e-06,0,862.0,30.629606,122.0
0.1396,0.159,0.1787,0.2897,0.335,0.2591,0.236977,-0.291286,0.089502,6e-06,0,1009.0,11.479916,76.0
0.1331,0.155,0.1687,0.3221,0.3232,0.2516,0.312551,-0.350241,0.03875,6e-06,0,932.0,26.183762,70.0
0.1368,0.1533,0.1704,0.2809,0.3269,0.2645,0.244848,-0.293874,0.086995,6e-06,0,1007.0,5.491994,53.0
0.1406,0.1572,0.1828,0.2817,0.3455,0.2704,0.212917,-0.283664,0.111509,6e-06,0,758.0,30.42454,110.0
0.1399,0.16,0.1791,0.2967,0.3328,0.2643,0.247163,-0.299321,0.079389,6e-06,0,968.0,22.655624,91.0
0.1378,0.1548,0.1732,0.2638,0.3221,0.2679,0.207323,-0.260392,0.104471,6e-06,0,838.0,29.025778,159.0
0.1611,0.1905,0.2477,0.3351,0.4721,0.4572,0.149966,-0.275114,0.183882,6e-06,0,686.0,3.41242,19.0
0.1254,0.1444,0.145,0.3201,0.2915,0.2179,0.376478,-0.378256,-0.010204,6e-06,0,673.0,6.274438,21.0
0.1311,0.1549,0.1585,0.3076,0.3099,0.2519,0.319888,-0.330162,0.032742,6e-06,0,731.0,3.052882,27.0
0.1354,0.1523,0.1787,0.2687,0.3661,0.2955,0.201162,-0.276485,0.148277,6e-06,0,688.0,15.002539,25.0
0.1467,0.1703,0.1917,0.3224,0.3632,0.2788,0.254231,-0.308707,0.083789,6e-06,0,890.0,25.675461,111.0
0.133,0.1572,0.165,0.3526,0.3456,0.2661,0.362442,-0.383288,0.025095,6e-06,0,995.0,32.36895,101.0
0.1277,0.1488,0.1534,0.2978,0.2991,0.228,0.320035,-0.333632,0.030752,6e-06,0,749.0,21.624784,89.0
0.1396,0.163,0.195,0.327,0.3633,0.2775,0.252874,-0.334694,0.089472,6e-06,0,819.0,21.97604,111.0
0.1605,0.1907,0.2095,0.3612,0.3959,0.3021,0.265814,-0.308933,0.074261,6e-06,0,843.0,38.675327,133.0
0.1485,0.1703,0.2134,0.2966,0.4416,0.386,0.163137,-0.270508,0.190801,6e-06,0,681.0,3.052882,13.0
0.147,0.1883,0.2176,0.3708,0.3857,0.3132,0.260367,-0.326417,0.076264,1e-06,0,723.0,3.41242,7.0
0.1503,0.1813,0.2217,0.3107,0.4314,0.3558,0.167168,-0.263008,0.172426,1e-06,0,756.0,3.41242,18.0
0.1613,0.201,0.2447,0.3028,0.4667,0.439,0.106119,-0.202064,0.210379,1e-06,0,784.0,6.800801,47.0
0.1523,0.1892,0.2159,0.3981,0.4369,0.3257,0.296743,-0.355696,0.085106,1e-06,0,773.0,1.527525,13.0
0.1642,0.197,0.251,0.309,0.4394,0.3598,0.103571,-0.221344,0.186662,1e-06,0,763.0,13.575719,46.0
0.1463,0.1853,0.1944,0.3696,0.3883,0.2906,0.310638,-0.332132,0.060805,1e-06,0,760.0,4.313351,23.0
0.1342,0.1724,0.1648,0.4792,0.3795,0.2718,0.488199,-0.470841,-0.059687,1e-06,0,766.0,8.172055,16.0
0.1559,0.1918,0.2342,0.2873,0.4123,0.3487,0.101822,-0.199332,0.186565,1e-06,0,753.0,16.02453,42.0
0.167,0.2063,0.2605,0.3297,0.4913,0.4106,0.117248,-0.230224,0.204325,1e-06,0,859.0,18.255058,48.0
0.1489,0.1811,0.2275,0.3329,0.4486,0.3476,0.18808,-0.295331,0.167804,1e-06,0,782.0,3.41242,11.0
0.1504,0.1811,0.2089,0.3417,0.413,0.3114,0.241191,-0.307192,0.116517,1e-06,0,812.0,10.142105,35.0
0.169,0.2065,0.2493,0.3452,0.4666,0.3747,0.161312,-0.251405,0.16397,1e-06,0,745.0,4.573921,12.0
0.1488,0.1901,0.2093,0.3921,0.4331,0.3445,0.303957,-0.34696,0.085777,1e-06,0,722.0,4.573921,10.0
0.1462,0.1752,0.2044,0.2584,0.3797,0.3553,0.116681,-0.191882,0.181552,1e-06,0,735.0,0.0,0.0
0.1327,0.1663,0.1639,0.458,0.374,0.2879,0.472906,-0.467243,-0.046784,1e-06,0,740.0,4.820199,17.0
0.1737,0.2138,0.2664,0.3342,0.4585,0.3892,0.112887,-0.219708,0.176022,1e-06,0,771.0,0.0,38.0
0.1706,0.2057,0.2537,0.3512,0.4533,0.3516,0.161184,-0.261268,0.150716,1e-06,0,732.0,3.41242,16.0
0.1467,0.1874,0.1855,0.3938,0.4072,0.3002,0.359572,-0.355127,0.046064,1e-06,0,718.0,3.41242,11.0
0.1603,0.1961,0.2365,0.3733,0.4316,0.319,0.224336,-0.311205,0.111925,1e-06,0,812.0,6.274438,45.0
0.1673,0.2112,0.2693,0.3439,0.4907,0.4059,0.121657,-0.239056,0.195721,1e-06,0,811.0,10.678413,55.0
0.1653,0.195,0.1982,0.3679,0.3735,0.2749,0.29977,-0.307159,0.034845,8e-06,0,284.0,1.527525,7.0
0.1503,0.1827,0.1634,0.3973,0.3377,0.2414,0.417157,-0.37,-0.044341,8e-06,0,307.0,4.313351,15.0
0.161,0.2002,0.1962,0.3956,0.3908,0.2825,0.336938,-0.327962,0.026583,8e-06,0,305.0,3.41242,12.0
0.1514,0.1788,0.1744,0.3223,0.3438,0.2572,0.297765,-0.28637,0.044863,8e-06,0,291.0,6.800801,11.0
0.1609,0.1846,0.1895,0.3092,0.3221,0.2393,0.240024,-0.252329,0.042274,8e-06,0,282.0,0.0,5.0
0.155,0.1879,0.1891,0.3573,0.3876,0.2973,0.307833,-0.310712,0.059137,8e-06,0,281.0,4.820199,12.0
0.1528,0.1776,0.1774,0.3446,0.3074,0.2192,0.320307,-0.319801,-0.012828,8e-06,0,276.0,3.41242,10.0
0.1488,0.1741,0.1687,0.3461,0.315,0.2273,0.3446,-0.330642,-0.011445,8e-06,0,294.0,3.41242,9.0
0.1626,0.1881,0.1941,0.3387,0.3698,0.2781,0.271396,-0.285877,0.058768,8e-06,0,290.0,1.527525,11.0
0.1556,0.1769,0.1834,0.284,0.285,0.2148,0.215233,-0.232371,0.031718,8e-06,0,281.0,0.0,7.0
0.1557,0.1911,0.1824,0.3441,0.3507,0.251,0.307122,-0.285874,0.032239,8e-06,0,286.0,3.41242,7.0
0.1659,0.1889,0.2024,0.3201,0.3527,0.2678,0.225263,-0.25776,0.066372,8e-06,0,274.0,0.0,7.0
0.1648,0.1909,0.1953,0.3371,0.3563,0.2646,0.266341,-0.276894,0.047176,8e-06,0,287.0,3.41242,15.0
0.1583,0.1913,0.1856,0.3784,0.3979,0.295,0.341844,-0.328418,0.041778,8e-06,0,282.0,2.159736,8.0
0.1771,0.2185,0.2273,0.3967,0.3809,0.3012,0.271474,-0.289662,0.029103,8e-06,0,295.0,4.820199,12.0
0.1639,0.1977,0.2013,0.3631,0.3745,0.2884,0.286676,-0.294936,0.044251,8e-06,0,307.0,3.052882,10.0
0.1624,0.1889,0.1993,0.2987,0.3455,0.2654,0.199598,-0.225185,0.083209,8e-06,0,286.0,5.491994,8.0
0.1408,0.169,0.1477,0.3811,0.2838,0.1979,0.441377,-0.385566,-0.094819,8e-06,0,285.0,4.313351,12.0
0.1528,0.1857,0.1752,0.3672,0.3588,0.2582,0.353982,-0.328269,0.013283,8e-06,0,282.0,3.41242,9.0
0.1533,0.1822,0.173,0.3657,0.3389,0.2449,0.357713,-0.334915,-0.006887,8e-06,0,288.0,3.052882,12.0
0.1676,0.194,0.223,0.3305,0.4068,0.333,0.194219,-0.260248,0.116766,1e-06,0,203.0,3.052882,8.0
0.1878,0.2252,0.273,0.3655,0.4723,0.4085,0.144871,-0.237515,0.147852,1e-06,0,208.0,2.159736,14.0
0.1619,0.182,0.2054,0.2925,0.3614,0.3108,0.174935,-0.232877,0.110067,1e-06,0,209.0,2.159736,9.0
0.1664,0.1891,0.2219,0.3136,0.3942,0.3417,0.171242,-0.247663,0.124168,1e-06,0,212.0,1.527525,9.0
0.1588,0.1765,0.2086,0.2809,0.3917,0.3393,0.147702,-0.228247,0.154423,1e-06,0,215.0,1.527525,9.0
0.1607,0.1782,0.2072,0.294,0.3943,0.3277,0.173184,-0.245235,0.138989,1e-06,0,196.0,1.527525,10.0
0.1555,0.1738,0.2108,0.2786,0.3734,0.319,0.138537,-0.231653,0.147403,1e-06,0,213.0,1.527525,10.0
0.1475,0.1707,0.1622,0.3623,0.3036,0.2288,0.381506,-0.359475,-0.0451,1e-06,0,220.0,4.313351,10.0
0.1778,0.2072,0.2265,0.3783,0.4078,0.3196,0.250992,-0.292229,0.065692,1e-06,0,204.0,6.45483,15.0
0.1518,0.1721,0.1835,0.3178,0.3481,0.2908,0.267903,-0.297408,0.061926,1e-06,0,225.0,6.45483,19.0
0.152,0.1704,0.187,0.3055,0.3622,0.288,0.240609,-0.283883,0.09109,1e-06,0,209.0,1.527525,10.0
0.1819,0.2054,0.24,0.3344,0.4284,0.3439,0.164345,-0.238977,0.128387,1e-06,0,200.0,3.41242,13.0
0.1583,0.1815,0.1942,0.3055,0.3369,0.2775,0.222734,-0.25462,0.067645,1e-06,0,216.0,6.088528,27.0
0.1752,0.2176,0.2846,0.3638,0.4682,0.3781,0.122147,-0.251462,0.165505,1e-06,0,205.0,2.159736,12.0
0.161,0.1822,0.2153,0.2694,0.3872,0.3518,0.111615,-0.193091,0.166618,1e-06,0,196.0,5.491994,25.0
0.164,0.1865,0.2085,0.3319,0.386,0.3155,0.228349,-0.280478,0.090426,1e-06,0,200.0,5.491994,7.0
0.1684,0.178,0.2046,0.2726,0.3586,0.2978,0.142498,-0.209942,0.121689,1e-06,0,329.0,18.855034,88.0
0.166,0.1959,0.2323,0.3102,0.3887,0.3212,0.143594,-0.225845,0.131972,1e-06,0,197.0,2.159736,10.0
0.1801,0.2074,0.2374,0.3629,0.4162,0.3276,0.209062,-0.272664,0.092429,1e-06,0,199.0,3.41242,17.0
0.1571,0.1777,0.208,0.2977,0.3876,0.3307,0.177378,-0.252419,0.134044,1e-06,0,204.0,3.052882,6.0
0.1321,0.1572,0.1551,0.2381,0.2272,0.2007,0.211089,-0.204655,0.01608,0.0,0,294.0,0.0,10.0
0.1612,0.1868,0.2266,0.3305,0.4253,0.3532,0.186502,-0.277789,0.140084,0.0,0,308.0,1.527525,4.0
0.1448,0.1794,0.1809,0.4059,0.386,0.2935,0.383436,-0.386981,0.014495,0.0,0,303.0,3.052882,12.0
0.1639,0.1998,0.2383,0.2948,0.3394,0.314,0.105984,-0.192074,0.114821,0.0,0,309.0,1.527525,4.0
0.1938,0.2442,0.3127,0.3658,0.4348,0.38,0.078261,-0.199344,0.143753,0.0,0,306.0,2.159736,6.0
0.177,0.2098,0.2534,0.2932,0.3443,0.3154,0.072814,-0.165805,0.119393,0.0,0,307.0,3.41242,6.0
0.175,0.2122,0.2524,0.3157,0.3471,0.3109,0.111424,-0.19606,0.099798,0.0,0,311.0,1.527525,4.0
0.1767,0.2137,0.2672,0.3256,0.4023,0.3622,0.098516,-0.207491,0.142686,0.0,0,305.0,1.527525,5.0
0.1813,0.2316,0.2218,0.4833,0.4177,0.3251,0.370869,-0.352077,-0.019247,0.0,0,301.0,0.0,8.0
0.1598,0.1871,0.2276,0.2712,0.3285,0.3045,0.08741,-0.183504,0.126735,0.0,0,310.0,0.0,4.0
0.1493,0.1883,0.2123,0.3944,0.4114,0.3389,0.300148,-0.353698,0.068528,0.0,0,303.0,0.0,11.0
0.1952,0.2288,0.2678,0.325,0.3862,0.3491,0.096491,-0.173709,0.11395,0.0,0,307.0,1.527525,5.0
0.1814,0.214,0.2654,0.3258,0.3653,0.3288,0.102165,-0.207114,0.108533,0.0,0,305.0,4.573921,7.0
0.183,0.2204,0.2562,0.3553,0.4422,0.3994,0.162061,-0.234323,0.129457,0.0,0,314.0,0.0,9.0
0.1573,0.1868,0.223,0.2713,0.3289,0.305,0.097714,-0.184458,0.125752,0.0,0,310.0,3.052882,3.0
0.1716,0.2121,0.2518,0.398,0.4547,0.3669,0.224992,-0.304704,0.10728,0.0,0,304.0,0.0,4.0
0.18,0.2196,0.2765,0.3258,0.399,0.3619,0.081853,-0.194719,0.143655,0.0,0,310.0,3.052882,5.0
0.185,0.2196,0.2627,0.3113,0.3871,0.353,0.084669,-0.172726,0.133932,0.0,0,311.0,1.527525,8.0
0.1408,0.168,0.1839,0.3448,0.3676,0.2952,0.304331,-0.344774,0.063543,0.0,0,307.0,1.527525,6.0
0.1528,0.1826,0.2013,0.2711,0.3094,0.2753,0.147756,-0.195063,0.092874,0.0,0,305.0,1.527525,7.0
0.1665,0.193,0.2356,0.3582,0.4888,0.4095,0.206467,-0.29971,0.159875,2e-06,0,657.0,16.089893,72.0
0.1662,0.1889,0.2298,0.3044,0.4509,0.415,0.139648,-0.234137,0.182489,2e-06,0,649.0,4.313351,30.0
0.1532,0.1741,0.186,0.3535,0.3682,0.2904,0.310473,-0.34003,0.044773,2e-06,0,625.0,4.313351,10.0
0.1652,0.1876,0.2085,0.3503,0.3978,0.3101,0.253758,-0.302473,0.080941,2e-06,0,594.0,0.0,7.0
0.1693,0.1932,0.2596,0.3285,0.5064,0.4802,0.117157,-0.259344,0.212217,2e-06,0,633.0,4.820199,29.0
0.1401,0.1664,0.146,0.4453,0.2968,0.2163,0.506173,-0.455943,-0.138689,2e-06,0,597.0,3.052882,14.0
0.1582,0.1781,0.2032,0.3348,0.4499,0.3588,0.24461,-0.305518,0.139691,2e-06,0,643.0,10.678415,24.0
0.164,0.183,0.2121,0.3048,0.4346,0.3721,0.179338,-0.249692,0.15948,2e-06,0,652.0,16.601547,40.0
0.1574,0.1655,0.1807,0.2675,0.378,0.3083,0.193664,-0.235566,0.136031,2e-06,0,694.0,18.639744,69.0
0.1354,0.152,0.1385,0.3384,0.2491,0.1754,0.419165,-0.380098,-0.10007,2e-06,0,595.0,2.159736,4.0
0.151,0.1762,0.1739,0.4136,0.3508,0.276,0.408,-0.402509,-0.036629,2e-06,0,630.0,3.41242,13.0
0.1477,0.1654,0.1502,0.1832,0.2125,0.1711,0.09898,-0.051061,0.045848,2e-06,0,593.0,3.41242,12.0
0.1547,0.1665,0.1924,0.2653,0.3844,0.3266,0.159275,-0.22881,0.157303,2e-06,0,749.0,10.884884,47.0
0.1537,0.1658,0.1805,0.2803,0.3834,0.316,0.21658,-0.256669,0.130173,2e-06,0,725.0,16.411964,79.0
0.1584,0.1747,0.1936,0.3118,0.3943,0.3206,0.233874,-0.281809,0.111237,2e-06,0,650.0,16.348169,58.0
0.1563,0.1722,0.1897,0.2957,0.4073,0.3165,0.218377,-0.263945,0.138227,2e-06,0,644.0,11.764993,25.0
0.1474,0.1724,0.1637,0.3898,0.3505,0.264,0.408491,-0.386695,-0.021876,2e-06,0,598.0,3.052882,16.0
0.1407,0.1676,0.1447,0.4294,0.2962,0.2044,0.495907,-0.438526,-0.127794,2e-06,0,595.0,2.159736,15.0
0.1556,0.1709,0.1964,0.2784,0.394,0.3376,0.172704,-0.239261,0.152675,2e-06,0,753.0,3.41242,39.0
0.1545,0.1665,0.1873,0.2831,0.403,0.32,0.203656,-0.259342,0.148555,2e-06,0,612.0,10.986526,34.0
0.2093,0.2705,0.354,0.418,0.578,0.4701,0.082902,-0.214234,0.195408,1e-06,0,766.0,1.527525,14.0
0.1738,0.2077,0.2422,0.3242,0.4088,0.3549,0.144774,-0.219026,0.133159,1e-06,0,779.0,12.835173,32.0
0.1713,0.2048,0.2371,0.3114,0.4476,0.3788,0.13546,-0.206509,0.173034,1e-06,0,730.0,3.41242,9.0
0.1986,0.2533,0.3249,0.4033,0.5693,0.4652,0.107663,-0.22845,0.195375,1e-06,0,736.0,3.052882,14.0
0.1927,0.2458,0.3395,0.426,0.5947,0.4871,0.112998,-0.268235,0.203168,1e-06,0,718.0,10.142105,14.0
0.1788,0.2141,0.2602,0.3294,0.5054,0.4352,0.117368,-0.212144,0.202073,1e-06,0,784.0,10.678413,33.0
0.1803,0.1975,0.2225,0.2445,0.3162,0.2934,0.047109,-0.106335,0.118215,1e-06,0,733.0,4.820199,21.0
0.165,0.1984,0.2356,0.3511,0.4859,0.3749,0.196864,-0.277889,0.165966,1e-06,0,725.0,5.491994,13.0
0.1663,0.2028,0.2508,0.3506,0.4984,0.3867,0.165946,-0.267076,0.183477,1e-06,0,721.0,6.274438,9.0
0.1879,0.227,0.265,0.3172,0.4534,0.4036,0.08966,-0.165748,0.174336,1e-06,0,752.0,8.838262,35.0
0.1439,0.1749,0.1774,0.3836,0.4074,0.3067,0.367558,-0.37368,0.051515,1e-06,0,747.0,4.573921,17.0
0.173,0.2167,0.3003,0.3808,0.5305,0.4092,0.118191,-0.274644,0.200058,1e-06,0,726.0,6.274438,15.0
0.188,0.2276,0.2759,0.3458,0.4728,0.4047,0.112434,-0.206139,0.167563,1e-06,0,750.0,17.973787,50.0
0.2085,0.2779,0.3897,0.4694,0.639,0.5577,0.092772,-0.256256,0.205555,1e-06,0,739.0,3.41242,11.0
0.143,0.1684,0.1747,0.3862,0.3834,0.2836,0.377073,-0.392715,0.02658,1e-06,0,716.0,1.527525,6.0
0.1507,0.1797,0.1907,0.3251,0.3755,0.308,0.260566,-0.288035,0.086756,1e-06,0,763.0,17.334465,32.0
0.1375,0.1708,0.1937,0.3347,0.3616,0.2867,0.266843,-0.324233,0.080876,1e-06,0,724.0,1.527525,8.0
0.2393,0.2823,0.3313,0.3633,0.4934,0.4438,0.04607,-0.125465,0.155608,1e-06,0,756.0,12.133526,29.0
0.1409,0.1751,0.1445,0.2477,0.2123,0.1727,0.263131,-0.171712,-0.042662,1e-06,0,722.0,2.159736,15.0
0.1663,0.2133,0.2684,0.3964,0.4846,0.3768,0.192539,-0.300312,0.144638,1e-06,0,723.0,6.088528,9.0
0.1593,0.19,0.205,0.3378,0.3354,0.2863,0.244657,-0.28003,0.041735,0.0,0,256.0,1.527525,5.0
0.1683,0.2017,0.2189,0.3519,0.3505,0.2972,0.233006,-0.271315,0.045154,0.0,0,255.0,2.159736,6.0
0.1583,0.1931,0.2239,0.2674,0.3656,0.3335,0.088541,-0.161346,0.161348,0.0,0,260.0,3.41242,3.0
0.1734,0.2006,0.2343,0.3141,0.4152,0.3693,0.145514,-0.220517,0.14248,0.0,0,255.0,1.527525,6.0
0.1598,0.1787,0.2043,0.2457,0.3758,0.3716,0.092,-0.15787,0.177151,0.0,0,257.0,0.0,4.0
0.1691,0.193,0.2291,0.2792,0.4151,0.403,0.098564,-0.18255,0.179314,0.0,0,256.0,2.159736,4.0
0.1639,0.183,0.2156,0.2611,0.3882,0.363,0.095448,-0.175861,0.173795,0.0,0,257.0,1.527525,3.0
0.1658,0.1916,0.2174,0.2905,0.3899,0.3571,0.143926,-0.205144,0.141971,0.0,0,266.0,2.159736,8.0
0.1671,0.1972,0.2217,0.2854,0.3306,0.3036,0.125616,-0.18276,0.099323,0.0,0,259.0,0.0,3.0
0.1744,0.2053,0.2416,0.2893,0.3555,0.3265,0.089847,-0.169834,0.125754,0.0,0,258.0,3.052882,4.0
0.1826,0.2132,0.2567,0.3435,0.428,0.3564,0.144618,-0.234058,0.130988,0.0,0,260.0,1.527525,5.0
0.181,0.2177,0.2597,0.3169,0.4042,0.3646,0.099202,-0.185559,0.142882,0.0,0,254.0,1.527525,5.0
0.1764,0.2071,0.2442,0.3052,0.4037,0.3573,0.11103,-0.191489,0.147233,0.0,0,255.0,1.527525,3.0
0.1705,0.2031,0.2351,0.3078,0.3558,0.315,0.13391,-0.204932,0.105312,0.0,0,261.0,1.527525,5.0
0.1634,0.1848,0.2107,0.2511,0.3685,0.3661,0.087484,-0.152099,0.165744,0.0,0,256.0,2.159736,5.0
0.2044,0.2403,0.3029,0.3715,0.4782,0.4156,0.10172,-0.214449,0.151216,0.0,0,259.0,0.0,5.0
0.1836,0.2211,0.2599,0.3456,0.4482,0.4049,0.141536,-0.219693,0.144589,0.0,0,264.0,3.052882,5.0
0.1668,0.1908,0.2203,0.2699,0.321,0.2874,0.101183,-0.171695,0.106953,0.0,0,258.0,0.0,2.0
0.1535,0.1709,0.1978,0.2293,0.3488,0.3471,0.073753,-0.145927,0.176243,0.0,0,263.0,1.527525,7.0
0.2912,0.315,0.3439,0.3748,0.4187,0.3724,0.042994,-0.086692,0.067619,0.0,0,264.0,1.527525,6.0
0.2646,0.271,0.2687,0.3971,0.3871,0.2999,0.192851,-0.188744,-0.004478,0.017982,0,323.0,7.594643,25.0
0.1884,0.2145,0.2421,0.3101,0.3469,0.2812,0.123144,-0.182234,0.083218,0.017982,0,431.0,7.743239,18.0
0.179,0.211,0.2308,0.3721,0.4168,0.3123,0.234367,-0.276282,0.080504,0.017982,0,302.0,7.594643,27.0
0.1702,0.1967,0.2279,0.2841,0.3168,0.2536,0.109766,-0.18178,0.090491,0.017982,0,327.0,6.800801,32.0
0.1612,0.1884,0.1926,0.325,0.3194,0.2375,0.255796,-0.266069,0.025847,0.017982,0,378.0,25.641003,67.0
0.1875,0.2164,0.2442,0.3084,0.3535,0.2991,0.116178,-0.175305,0.093087,0.017982,0,413.0,6.800801,54.0
0.1802,0.2072,0.2364,0.3111,0.366,0.3027,0.136438,-0.200463,0.101582,0.017982,0,398.0,8.172055,51.0
0.1604,0.1786,0.1913,0.2544,0.2654,0.2176,0.141575,-0.175058,0.048078,0.017982,0,314.0,5.491994,21.0
0.1922,0.2203,0.2561,0.3226,0.3609,0.2966,0.114913,-0.188432,0.090299,0.017982,0,407.0,6.274438,17.0
0.1598,0.1813,0.1948,0.2564,0.3044,0.2541,0.136525,-0.171579,0.090671,0.017982,0,326.0,9.213529,49.0
0.1676,0.1895,0.2012,0.3141,0.3085,0.2472,0.219096,-0.247419,0.028243,0.017982,0,315.0,9.213529,25.0
0.1731,0.2051,0.2453,0.3002,0.3498,0.296,0.100642,-0.188205,0.114002,0.017982,0,413.0,3.41242,12.0
0.1755,0.2011,0.2232,0.3042,0.3433,0.2799,0.153584,-0.204037,0.082967,0.017982,0,339.0,6.274438,32.0
0.1682,0.1952,0.2052,0.3286,0.3392,0.2698,0.231173,-0.254677,0.045716,0.017982,0,287.0,4.573921,13.0
0.1671,0.1887,0.2051,0.2933,0.3352,0.256,0.176966,-0.217012,0.079844,0.017982,0,349.0,4.313351,48.0
0.171,0.2003,0.2022,0.3594,0.3514,0.2696,0.279915,-0.284259,0.021402,0.017982,0,321.0,15.352285,54.0
0.2213,0.2559,0.2958,0.3476,0.3969,0.3253,0.08051,-0.151947,0.098129,0.017982,0,337.0,9.213529,37.0
0.1878,0.2247,0.2575,0.3638,0.4394,0.3569,0.171093,-0.236364,0.11638,0.017982,0,300.0,2.159736,11.0
0.169,0.2023,0.1949,0.3917,0.3469,0.257,0.335493,-0.318855,-0.017143,0.017982,0,377.0,28.337982,59.0
0.1849,0.2173,0.2276,0.4073,0.418,0.3315,0.283037,-0.304195,0.043141,0.017982,0,296.0,5.491994,29.0
0.1725,0.1956,0.2029,0.3401,0.3079,0.2516,0.25267,-0.269741,-0.001759,0.017982,0,231.0,1.527525,6.0
0.1619,0.1794,0.1994,0.275,0.35,0.2991,0.159359,-0.210387,0.114063,0.017982,0,235.0,3.052882,7.0
0.1834,0.2183,0.2298,0.3786,0.4061,0.3272,0.244576,-0.268554,0.061691,0.017982,0,243.0,2.159736,7.0
0.168,0.1828,0.2013,0.2373,0.2704,0.2387,0.082079,-0.129731,0.075713,0.017982,0,226.0,3.41242,7.0
0.1744,0.1922,0.2082,0.2857,0.3157,0.2758,0.156914,-0.195648,0.064837,0.017982,0,232.0,1.527525,5.0
0.1658,0.1928,0.2026,0.3195,0.3213,0.2608,0.223903,-0.247316,0.038248,0.017982,0,258.0,3.41242,15.0
0.1632,0.1762,0.1911,0.2361,0.2817,0.2419,0.105337,-0.145283,0.084279,0.017982,0,237.0,3.052882,7.0
0.1939,0.2312,0.2711,0.3751,0.4546,0.382,0.160941,-0.237341,0.121032,0.017982,0,252.0,1.527525,14.0
0.186,0.2135,0.2278,0.3329,0.3283,0.2735,0.187444,-0.218521,0.034605,0.017982,0,220.0,2.159736,6.0
0.1742,0.1937,0.2164,0.25,0.2858,0.2586,0.072041,-0.126888,0.084197,0.017982,0,226.0,2.159736,5.0
0.1749,0.1942,0.2107,0.2577,0.292,0.2591,0.100342,-0.140518,0.074949,0.017982,0,231.0,3.41242,5.0
0.1807,0.1946,0.2145,0.2617,0.3287,0.2947,0.099118,-0.147052,0.102273,0.017982,0,230.0,2.159736,5.0
0.1776,0.1927,0.2155,0.2679,0.3425,0.2938,0.108399,-0.163265,0.112108,0.017982,0,233.0,2.159736,6.0
0.1738,0.1979,0.1972,0.3256,0.2998,0.2437,0.245601,-0.243935,-0.002409,0.017982,0,220.0,3.052882,5.0
0.2108,0.244,0.2622,0.3632,0.3757,0.3119,0.161497,-0.196311,0.052727,0.017982,0,234.0,2.159736,6.0
0.2182,0.2528,0.2802,0.3666,0.417,0.3288,0.133581,-0.183726,0.087676,0.017982,0,275.0,6.274438,21.0
0.1644,0.1949,0.2066,0.382,0.4142,0.3208,0.297995,-0.32432,0.063742,0.017982,0,247.0,2.159736,11.0
0.1684,0.1818,0.2008,0.241,0.3169,0.2851,0.090991,-0.140019,0.116816,0.017982,0,239.0,1.527525,5.0
0.1616,0.1751,0.1916,0.2337,0.3136,0.2791,0.098989,-0.143346,0.122043,0.017982,0,234.0,1.527525,5.0
0.165,0.1853,0.2041,0.2475,0.2861,0.251,0.096103,-0.143715,0.086075,0.017982,0,222.0,1.527525,5.0
0.1425,0.173,0.1795,0.3177,0.3386,0.2722,0.277957,-0.294885,0.059184,0.0,0,516.0,4.820199,16.0
0.1499,0.1829,0.214,0.3128,0.3889,0.3305,0.187547,-0.262054,0.131569,0.0,0,542.0,1.527525,11.0
0.15,0.1734,0.1882,0.2948,0.3623,0.2833,0.220704,-0.259291,0.106199,0.0,0,530.0,6.274438,20.0
0.1565,0.1909,0.2463,0.3477,0.4257,0.351,0.170707,-0.291125,0.142663,0.0,0,530.0,4.820199,13.0
0.1349,0.1646,0.1577,0.3497,0.3337,0.2394,0.3784,-0.359907,0.006967,0.0,0,526.0,7.594643,34.0
0.1423,0.1721,0.1911,0.3304,0.3655,0.2904,0.267114,-0.315025,0.081512,0.0,0,544.0,3.052882,13.0
0.1326,0.1611,0.1606,0.3206,0.3151,0.2356,0.332502,-0.331119,0.024222,0.0,0,548.0,8.172055,37.0
0.1427,0.1706,0.1716,0.2945,0.3312,0.2581,0.263677,-0.266394,0.069787,0.0,0,519.0,12.133526,27.0
0.1489,0.1787,0.1956,0.357,0.4078,0.321,0.292074,-0.332836,0.087893,0.0,0,533.0,7.743239,9.0
0.1458,0.173,0.197,0.2991,0.3717,0.3177,0.205805,-0.267104,0.122139,0.0,0,534.0,6.800801,16.0
0.1562,0.1902,0.2392,0.3083,0.3971,0.3423,0.12621,-0.236911,0.156068,0.0,0,560.0,2.159736,9.0
0.1399,0.1694,0.1651,0.3383,0.3361,0.2472,0.34406,-0.332677,0.023484,0.0,0,528.0,2.159736,29.0
0.154,0.1824,0.199,0.3061,0.3638,0.2853,0.212037,-0.253224,0.100401,0.0,0,518.0,4.573921,17.0
0.1467,0.1767,0.1773,0.2977,0.3265,0.2679,0.253474,-0.255059,0.062645,0.0,0,536.0,1.527525,17.0
0.1343,0.1648,0.166,0.3416,0.3598,0.2619,0.345942,-0.349131,0.049815,0.0,0,543.0,5.491994,14.0
0.1499,0.176,0.202,0.3161,0.397,0.3115,0.220228,-0.284698,0.124883,0.0,0,545.0,1.527525,7.0
0.1467,0.1724,0.1789,0.2953,0.341,0.2688,0.245466,-0.262775,0.080986,0.0,0,528.0,9.213529,23.0
0.1495,0.1761,0.2126,0.2927,0.3764,0.3289,0.15852,-0.24872,0.142358,0.0,0,523.0,0.0,6.0
0.1367,0.1648,0.1684,0.3361,0.3425,0.2529,0.332408,-0.341984,0.038731,0.0,0,548.0,6.088528,17.0
0.1427,0.1719,0.1811,0.3473,0.3642,0.2694,0.314534,-0.337827,0.053414,0.0,0,505.0,6.800801,26.0
0.1615,0.1954,0.2304,0.3335,0.4167,0.3343,0.182834,-0.261108,0.133176,0.009991,0,320.0,10.573524,24.0
0.1935,0.2428,0.2916,0.3458,0.4324,0.3911,0.085033,-0.174992,0.146204,0.009991,0,311.0,1.527525,7.0
0.177,0.2105,0.247,0.3627,0.4645,0.3726,0.189765,-0.265527,0.137308,0.009991,0,314.0,9.090276,25.0
0.1617,0.1925,0.2084,0.33,0.3874,0.3164,0.225854,-0.263158,0.095724,0.009991,0,298.0,0.0,10.0
0.1727,0.2028,0.2335,0.3106,0.3902,0.3264,0.141702,-0.209973,0.126829,0.009991,0,302.0,5.491994,6.0
0.1395,0.1686,0.1559,0.3591,0.3001,0.223,0.394563,-0.361001,-0.044626,0.009991,0,293.0,3.41242,7.0
0.1739,0.2032,0.2312,0.2799,0.3145,0.284,0.095285,-0.158766,0.091946,0.009991,0,297.0,4.820199,5.0
0.1674,0.1967,0.2166,0.3004,0.3408,0.2916,0.162089,-0.20861,0.087398,0.009991,0,295.0,3.41242,5.0
0.1683,0.1975,0.2297,0.2499,0.2784,0.2551,0.042118,-0.117121,0.097053,0.009991,0,299.0,0.0,4.0
0.1668,0.1999,0.2308,0.2761,0.3352,0.2956,0.089367,-0.160084,0.122014,0.009991,0,295.0,2.159736,6.0
0.1649,0.197,0.2337,0.3198,0.426,0.3448,0.155556,-0.237616,0.152919,0.009991,0,333.0,7.594643,32.0
0.1682,0.1981,0.2267,0.2745,0.356,0.3131,0.095371,-0.161659,0.136532,0.009991,0,311.0,4.820199,5.0
0.1824,0.2282,0.2913,0.3721,0.4796,0.3827,0.121797,-0.239713,0.163271,0.009991,0,304.0,4.820199,19.0
0.1754,0.2082,0.2397,0.2701,0.3089,0.2796,0.059631,-0.129417,0.103712,0.009991,0,300.0,1.527525,7.0
0.1654,0.1887,0.2064,0.2664,0.276,0.2344,0.126904,-0.170732,0.055349,0.009991,0,303.0,0.0,5.0
0.1852,0.2176,0.256,0.2841,0.3248,0.2969,0.052027,-0.132549,0.10618,0.009991,0,295.0,1.527525,3.0
0.165,0.1939,0.2194,0.2543,0.3365,0.3011,0.073675,-0.134761,0.140074,0.009991,0,310.0,0.0,6.0
0.171,0.1982,0.2127,0.3149,0.3646,0.3009,0.193707,-0.227441,0.085967,0.009991,0,303.0,3.052882,6.0
0.1908,0.2311,0.2656,0.3001,0.373,0.3305,0.060986,-0.129895,0.130766,0.009991,0,305.0,2.159736,6.0
0.1746,0.2048,0.237,0.2631,0.3064,0.2803,0.05219,-0.124599,0.107736,0.009991,0,300.0,3.41242,6.0
0.2096,0.2329,0.237,0.3223,0.3338,0.3383,0.152512,-0.161023,0.035277,2e-06,0,633.0,4.820199,7.0
0.1662,0.182,0.2092,0.2926,0.474,0.3854,0.166202,-0.233038,0.196497,2e-06,0,637.0,1.527525,11.0
0.1401,0.1633,0.1524,0.3761,0.2906,0.2035,0.423273,-0.394512,-0.076314,2e-06,0,619.0,4.820199,11.0
0.1861,0.2078,0.2319,0.3599,0.401,0.3448,0.216289,-0.267923,0.073713,2e-06,0,628.0,1.527525,11.0
0.1348,0.1633,0.1386,0.4106,0.2733,0.1888,0.495266,-0.430911,-0.139455,2e-06,0,636.0,3.052882,8.0
0.1448,0.1564,0.1676,0.2787,0.3436,0.2678,0.248936,-0.281085,0.093827,2e-06,0,640.0,1.527525,9.0
0.2171,0.2629,0.3113,0.3652,0.3794,0.3378,0.079675,-0.162872,0.085153,2e-06,0,639.0,3.41242,15.0
0.1554,0.1704,0.195,0.3038,0.3982,0.3131,0.218123,-0.281316,0.127328,2e-06,0,635.0,3.052882,11.0
0.1985,0.2322,0.2837,0.3256,0.3712,0.3402,0.068767,-0.167444,0.110941,2e-06,0,627.0,6.45483,15.0
0.1419,0.1667,0.1544,0.3346,0.2898,0.2179,0.368507,-0.334929,-0.035082,2e-06,0,632.0,0.0,8.0
0.203,0.2479,0.2802,0.3278,0.3945,0.3079,0.078289,-0.138788,0.11937,2e-06,0,620.0,2.159736,10.0
0.1497,0.1619,0.1757,0.2706,0.4022,0.3155,0.212637,-0.251329,0.157884,2e-06,0,634.0,7.594643,11.0
0.1583,0.1666,0.1803,0.2596,0.281,0.2597,0.180268,-0.218207,0.049363,2e-06,0,638.0,1.527525,12.0
0.1513,0.1666,0.1822,0.3014,0.3859,0.3071,0.246485,-0.288034,0.113049,2e-06,0,635.0,1.527525,11.0
0.1386,0.1686,0.1429,0.3938,0.2708,0.1886,0.467486,-0.400427,-0.125462,2e-06,0,611.0,2.159736,8.0
0.1436,0.1722,0.1603,0.3671,0.2829,0.1946,0.392112,-0.361394,-0.070762,2e-06,0,617.0,4.820199,13.0
0.4583,0.5122,0.536,0.5481,0.5874,0.6042,0.011161,-0.033858,0.054935,2e-06,0,624.0,0.0,12.0
0.1587,0.1824,0.2119,0.3216,0.4246,0.3322,0.205623,-0.27619,0.139864,2e-06,0,624.0,2.159736,10.0
0.1734,0.1973,0.2311,0.3094,0.4396,0.4185,0.144866,-0.221235,0.162896,2e-06,0,633.0,4.573921,17.0
0.1788,0.1912,0.2073,0.2636,0.3115,0.293,0.119558,-0.159191,0.079484,2e-06,0,640.0,3.41242,15.0
0.1828,0.2103,0.2416,0.3159,0.4407,0.3959,0.133274,-0.200684,0.155461,1e-06,1,737.0,2.159736,11.0
0.1672,0.1918,0.2193,0.2864,0.4218,0.3533,0.132687,-0.197825,0.17128,1e-06,1,969.0,9.573118,75.0
0.2082,0.2561,0.332,0.4237,0.5563,0.4623,0.121344,-0.246543,0.168662,1e-06,1,744.0,3.41242,12.0
0.2083,0.2411,0.2688,0.3453,0.4111,0.3685,0.124573,-0.177694,0.102392,1e-06,1,756.0,4.573921,35.0
0.1906,0.2345,0.2906,0.3775,0.4862,0.4041,0.13007,-0.23366,0.155179,1e-06,1,743.0,5.491994,13.0
0.1763,0.1915,0.1893,0.3824,0.4106,0.4027,0.337765,-0.332636,0.03556,1e-06,1,723.0,2.159736,8.0
0.21,0.2401,0.2703,0.3357,0.4319,0.4332,0.107921,-0.16603,0.125411,1e-06,1,731.0,2.159736,9.0
0.1943,0.2383,0.2992,0.4069,0.5389,0.4291,0.152528,-0.261314,0.164594,1e-06,1,751.0,3.41242,10.0
0.1753,0.2051,0.2423,0.3112,0.4469,0.3864,0.124481,-0.205501,0.172408,1e-06,1,837.0,23.267078,98.0
0.1653,0.2038,0.2479,0.3432,0.45,0.3709,0.161225,-0.254845,0.156996,1e-06,1,776.0,9.213529,20.0
0.223,0.2637,0.3195,0.3646,0.4623,0.4202,0.065926,-0.160592,0.141814,1e-06,1,740.0,6.45483,25.0
0.1769,0.198,0.2202,0.2749,0.4087,0.3499,0.110483,-0.162614,0.163875,1e-06,1,999.0,12.133526,61.0
0.1614,0.1947,0.2278,0.3209,0.4109,0.3152,0.169674,-0.244763,0.139518,1e-06,1,759.0,0.0,20.0
0.1768,0.2163,0.269,0.3795,0.4726,0.3782,0.170393,-0.273917,0.142769,1e-06,1,775.0,4.573921,36.0
0.1719,0.2088,0.2401,0.3149,0.4213,0.3645,0.134775,-0.202597,0.152064,1e-06,1,822.0,28.072487,102.0
0.2144,0.2466,0.2832,0.3443,0.4209,0.3916,0.097371,-0.165341,0.115141,1e-06,1,741.0,0.0,8.0
0.1457,0.1593,0.1768,0.2624,0.3983,0.336,0.1949,-0.244487,0.169854,1e-06,1,867.0,28.072487,80.0
0.2047,0.2347,0.2619,0.3335,0.4055,0.3767,0.120255,-0.173882,0.107167,1e-06,1,740.0,0.0,9.0
0.2874,0.3259,0.3607,0.3988,0.443,0.4006,0.050165,-0.100593,0.078864,1e-06,1,740.0,3.41242,12.0
0.1457,0.175,0.2015,0.3372,0.3987,0.2991,0.251903,-0.316673,0.1083,1e-06,1,752.0,3.41242,17.0
0.1595,0.1732,0.2053,0.2686,0.3814,0.3239,0.133572,-0.215935,0.156287,1e-06,0,311.0,8.172055,29.0
0.1474,0.1629,0.1678,0.2945,0.3322,0.2529,0.274064,-0.287713,0.061684,1e-06,0,273.0,5.491994,25.0
0.157,0.1704,0.193,0.2605,0.3812,0.3278,0.148842,-0.209097,0.158011,1e-06,0,293.0,15.002539,39.0
0.1576,0.1739,0.2152,0.3047,0.4161,0.3262,0.172148,-0.273297,0.154535,1e-06,0,249.0,3.052882,10.0
0.1567,0.1695,0.195,0.2636,0.3815,0.3174,0.149586,-0.217271,0.156701,1e-06,0,248.0,11.764993,59.0
0.1522,0.1641,0.1891,0.2821,0.3531,0.2913,0.197368,-0.264455,0.110497,1e-06,0,298.0,7.594643,20.0
0.1819,0.2058,0.2193,0.3077,0.347,0.2869,0.167742,-0.198442,0.072639,1e-06,0,226.0,0.0,14.0
0.1532,0.1704,0.2107,0.3199,0.4337,0.3236,0.205805,-0.304915,0.153289,1e-06,0,251.0,4.313351,12.0
0.156,0.1722,0.2081,0.2796,0.4073,0.3303,0.146607,-0.237716,0.171075,1e-06,0,239.0,3.41242,16.0
0.1568,0.1779,0.2178,0.3569,0.3967,0.3031,0.242039,-0.334705,0.089346,1e-06,0,283.0,8.578358,15.0
0.1538,0.1786,0.2085,0.34,0.3893,0.297,0.239745,-0.311223,0.095273,1e-06,0,284.0,10.142105,58.0
0.168,0.1923,0.2282,0.3101,0.4092,0.3412,0.152146,-0.234474,0.142806,1e-06,0,258.0,2.159736,7.0
0.1537,0.1807,0.204,0.3199,0.3752,0.3065,0.221225,-0.278066,0.100304,1e-06,0,225.0,4.313351,7.0
0.158,0.1724,0.218,0.3209,0.4237,0.3224,0.190945,-0.301034,0.145279,1e-06,0,277.0,4.820199,17.0
0.1551,0.1695,0.1908,0.2539,0.3618,0.313,0.141893,-0.199339,0.149334,1e-06,0,221.0,12.133526,14.0
0.1664,0.1892,0.2357,0.3262,0.4311,0.3684,0.161061,-0.265813,0.15025,1e-06,0,275.0,3.41242,14.0
0.1587,0.1744,0.2164,0.3133,0.4264,0.3261,0.182934,-0.284806,0.153211,1e-06,0,268.0,7.743239,24.0
0.1608,0.1761,0.1891,0.2875,0.354,0.2853,0.206462,-0.240293,0.095622,1e-06,0,263.0,20.897282,38.0
0.1713,0.1997,0.2579,0.3309,0.4677,0.3633,0.123981,-0.247267,0.181951,1e-06,0,247.0,6.088528,11.0
0.1609,0.1915,0.2364,0.3212,0.4218,0.3396,0.15208,-0.252974,0.154433,1e-06,0,229.0,1.527525,26.0
0.1444,0.168,0.1937,0.2806,0.3502,0.2865,0.183217,-0.251003,0.122716,0.0,0,500.0,4.820199,17.0
0.1322,0.1654,0.1402,0.361,0.2615,0.1838,0.440543,-0.371581,-0.102246,0.0,0,595.0,7.594643,42.0
0.1327,0.1707,0.1573,0.3815,0.3005,0.2122,0.41611,-0.381746,-0.058025,0.0,0,565.0,4.573921,34.0
0.1413,0.1763,0.1916,0.3344,0.3557,0.2773,0.271483,-0.309575,0.06999,0.0,0,524.0,6.800801,17.0
0.1302,0.1665,0.1509,0.3618,0.2846,0.2062,0.411352,-0.369676,-0.060916,0.0,0,583.0,13.812478,40.0
0.1475,0.1686,0.2262,0.2359,0.39,0.3773,0.020991,-0.166378,0.232893,0.0,0,539.0,15.826469,67.0
0.1305,0.1611,0.1533,0.3192,0.2704,0.2027,0.351111,-0.329169,-0.029769,0.0,0,578.0,4.820199,25.0
0.1317,0.1711,0.1566,0.3447,0.2959,0.2195,0.375224,-0.336565,-0.025729,0.0,0,545.0,4.820199,33.0
0.1294,0.1608,0.169,0.3037,0.335,0.2544,0.284959,-0.307643,0.075659,0.0,0,502.0,1.527525,19.0
0.129,0.1613,0.1543,0.3204,0.2887,0.2142,0.349905,-0.330289,-0.007172,0.0,0,575.0,9.213529,28.0
0.1316,0.1631,0.1585,0.3199,0.2963,0.2183,0.337375,-0.324638,0.003641,0.0,0,563.0,9.213529,26.0
0.1577,0.1692,0.2055,0.2185,0.3487,0.3322,0.03066,-0.12716,0.191316,0.0,0,593.0,12.919856,47.0
0.1439,0.1653,0.2067,0.2138,0.3898,0.3762,0.016885,-0.127935,0.250262,0.0,0,552.0,13.415196,41.0
0.1466,0.169,0.1729,0.2863,0.3086,0.2502,0.246951,-0.257632,0.05315,0.0,0,656.0,4.820199,38.0
0.1302,0.1605,0.1526,0.3174,0.268,0.2014,0.350638,-0.328311,-0.031099,0.0,0,616.0,10.678415,39.0
0.1515,0.1731,0.2438,0.2515,0.3778,0.3326,0.015546,-0.184644,0.213352,0.0,0,557.0,16.601549,88.0
0.1434,0.1709,0.2104,0.2609,0.366,0.3353,0.10715,-0.20843,0.175487,0.0,0,485.0,4.313351,14.0
0.1346,0.1648,0.1743,0.3156,0.3504,0.2757,0.288426,-0.313905,0.076418,0.0,0,519.0,3.052882,16.0
0.1436,0.1657,0.2264,0.2392,0.4038,0.3864,0.027491,-0.181526,0.244225,0.0,0,530.0,4.820199,33.0
0.1291,0.1598,0.1423,0.3167,0.2592,0.1865,0.379956,-0.329276,-0.052284,0.0,0,589.0,4.313351,15.0
0.2574,0.2839,0.307,0.3504,0.453,0.4343,0.066018,-0.10484,0.111274,2e-06,0,608.0,3.41242,9.0
0.1511,0.1803,0.17,0.3801,0.3524,0.2644,0.381931,-0.356531,-0.008352,2e-06,0,630.0,3.052882,10.0
0.181,0.2075,0.2379,0.3655,0.5473,0.4553,0.211468,-0.275742,0.179245,2e-06,0,611.0,4.573921,9.0
0.2103,0.251,0.3091,0.3767,0.532,0.4655,0.098571,-0.200255,0.177929,2e-06,0,595.0,1.527525,4.0
0.2242,0.2741,0.3443,0.4349,0.5929,0.511,0.116273,-0.226798,0.174215,2e-06,0,603.0,2.159736,8.0
0.142,0.1619,0.1476,0.3865,0.3019,0.2208,0.447295,-0.409555,-0.080777,2e-06,0,623.0,1.527525,10.0
0.1788,0.1916,0.2174,0.2705,0.4289,0.388,0.108834,-0.170742,0.17981,2e-06,0,607.0,1.527525,6.0
0.2203,0.284,0.3999,0.4704,0.6782,0.582,0.081007,-0.247084,0.219019,2e-06,0,622.0,1.527525,6.0
0.1966,0.2318,0.2724,0.363,0.5238,0.4516,0.142587,-0.220578,0.17451,2e-06,0,633.0,1.527525,7.0
0.2409,0.2528,0.2814,0.3642,0.5081,0.4812,0.128253,-0.180551,0.132224,2e-06,0,640.0,7.594643,14.0
0.1729,0.2007,0.2372,0.3644,0.4795,0.4033,0.211436,-0.289683,0.143062,2e-06,0,618.0,3.052882,15.0
0.1793,0.2138,0.245,0.3596,0.4527,0.3674,0.189547,-0.254273,0.128417,2e-06,0,630.0,1.527525,7.0
0.2119,0.2494,0.3052,0.4126,0.5929,0.5194,0.149624,-0.246526,0.179693,2e-06,0,606.0,4.820199,9.0
0.1819,0.202,0.2327,0.3566,0.506,0.4106,0.210249,-0.276763,0.156749,2e-06,0,608.0,3.052882,5.0
0.2316,0.2798,0.3518,0.459,0.6866,0.63,0.132215,-0.242555,0.201157,2e-06,0,617.0,3.41242,9.0
0.1994,0.2328,0.2872,0.3908,0.5622,0.5004,0.152802,-0.253368,0.18005,2e-06,0,610.0,2.159736,8.0
0.1431,0.1655,0.148,0.3683,0.3056,0.2331,0.42669,-0.379918,-0.059896,2e-06,0,597.0,3.052882,8.0
0.1693,0.1894,0.218,0.3228,0.4978,0.3962,0.193787,-0.260445,0.185197,2e-06,0,615.0,3.41242,8.0
0.171,0.189,0.2056,0.2822,0.3803,0.3708,0.157032,-0.197793,0.127707,2e-06,0,604.0,2.159736,7.0
0.1507,0.1674,0.1721,0.3444,0.3483,0.2604,0.333591,-0.345838,0.024914,2e-06,0,626.0,1.527525,5.0
0.1507,0.1682,0.1989,0.3144,0.3726,0.2924,0.225015,-0.302942,0.102643,1e-06,1,240.0,6.800801,32.0
0.1539,0.1711,0.2108,0.3051,0.4009,0.3125,0.182787,-0.281394,0.142617,1e-06,1,237.0,7.594643,25.0
0.1616,0.1807,0.2161,0.2873,0.3698,0.3303,0.141438,-0.227778,0.132393,1e-06,1,208.0,4.820199,7.0
0.1517,0.1724,0.1983,0.3153,0.368,0.2929,0.227804,-0.293008,0.0961,1e-06,1,227.0,1.527525,12.0
0.1616,0.1802,0.2129,0.2898,0.3602,0.3099,0.152974,-0.233191,0.11879,1e-06,1,226.0,4.313351,22.0
0.1539,0.1691,0.1989,0.2716,0.3573,0.3092,0.154516,-0.232585,0.133136,1e-06,1,205.0,3.41242,13.0
0.1563,0.173,0.1816,0.2935,0.3897,0.3058,0.235529,-0.258307,0.118989,1e-06,1,216.0,3.41242,13.0
0.1749,0.2026,0.2365,0.3107,0.4245,0.3537,0.135599,-0.210598,0.152974,1e-06,1,215.0,0.0,10.0
0.1595,0.1785,0.2057,0.294,0.3941,0.3266,0.176706,-0.244444,0.138897,1e-06,1,215.0,0.0,7.0
0.1635,0.1874,0.235,0.3215,0.4216,0.3421,0.155436,-0.26351,0.150315,1e-06,1,231.0,7.743239,12.0
0.1657,0.1848,0.2151,0.3048,0.3968,0.3266,0.172533,-0.245098,0.130636,1e-06,1,215.0,6.088528,14.0
0.161,0.1782,0.2226,0.2975,0.3847,0.329,0.144011,-0.250788,0.139613,1e-06,1,229.0,2.159736,11.0
0.1501,0.1632,0.1782,0.2458,0.3338,0.2826,0.159434,-0.201956,0.127877,1e-06,1,237.0,3.052882,9.0
0.1608,0.183,0.2204,0.3072,0.3955,0.3321,0.164519,-0.253366,0.136452,1e-06,1,206.0,4.820199,7.0
0.1477,0.1637,0.18,0.2865,0.3504,0.287,0.228296,-0.272768,0.09973,1e-06,1,219.0,0.0,10.0
0.1633,0.1963,0.2457,0.3642,0.4153,0.3369,0.194294,-0.299554,0.112326,1e-06,1,225.0,2.159736,11.0
0.1536,0.1705,0.2025,0.2729,0.363,0.3227,0.148086,-0.230943,0.140121,1e-06,1,252.0,3.41242,26.0
0.1571,0.1815,0.2044,0.3038,0.3741,0.3069,0.195592,-0.252009,0.113142,1e-06,1,223.0,2.159736,15.0
0.1633,0.1846,0.2147,0.2788,0.3633,0.3048,0.129889,-0.20328,0.133222,1e-06,1,220.0,1.527525,10.0
0.1455,0.1604,0.1674,0.2992,0.3203,0.2546,0.282469,-0.302002,0.046118,1e-06,1,210.0,0.0,8.0
0.1957,0.2308,0.2679,0.4098,0.4595,0.3816,0.209385,-0.279426,0.091455,0.000103,1,301.0,1.527525,4.0
0.1745,0.1991,0.204,0.3477,0.3411,0.2614,0.260468,-0.271763,0.021456,0.000103,1,302.0,1.527525,4.0
0.2135,0.2558,0.2929,0.4029,0.4809,0.4083,0.158091,-0.223319,0.113221,0.000103,1,302.0,0.0,6.0
0.1831,0.2063,0.2346,0.3285,0.4095,0.3473,0.166755,-0.228497,0.114649,0.000103,1,297.0,0.0,2.0
0.1667,0.1969,0.1874,0.3529,0.2922,0.2178,0.306311,-0.28374,-0.040032,0.000103,1,302.0,1.527525,4.0
0.1627,0.1881,0.1769,0.3641,0.2847,0.2124,0.346026,-0.318725,-0.065965,0.000103,1,301.0,3.41242,5.0
0.1829,0.2117,0.2257,0.388,0.3867,0.2972,0.264461,-0.29398,0.035071,0.000103,1,298.0,0.0,2.0
0.2028,0.2447,0.2682,0.4081,0.4143,0.3425,0.206861,-0.250306,0.055358,0.000103,1,302.0,1.527525,3.0
0.2235,0.2578,0.2928,0.384,0.4699,0.4165,0.134752,-0.196634,0.113268,0.000103,1,301.0,1.527525,4.0
0.1766,0.2092,0.2084,0.3648,0.3262,0.253,0.272854,-0.27108,-0.00632,0.000103,1,303.0,2.159736,6.0
0.196,0.2275,0.2547,0.3896,0.4589,0.3771,0.209375,-0.26268,0.098522,0.000103,1,301.0,0.0,3.0
0.21,0.2466,0.2915,0.3945,0.4711,0.3994,0.150146,-0.230697,0.115646,0.000103,1,303.0,1.527525,3.0
0.1666,0.1924,0.1889,0.3328,0.3139,0.2405,0.275829,-0.267327,0.003393,0.000103,1,301.0,1.527525,5.0
0.169,0.1904,0.1897,0.3656,0.3306,0.2662,0.316766,-0.315108,-0.013556,0.000103,1,300.0,1.527525,6.0
0.166,0.1931,0.1846,0.3456,0.2914,0.218,0.303659,-0.283089,-0.036047,0.000103,1,303.0,3.41242,4.0
0.2058,0.2397,0.2779,0.4057,0.4736,0.3882,0.186951,-0.257205,0.102715,0.000103,1,297.0,3.052882,9.0
0.2117,0.2462,0.2758,0.4098,0.4749,0.389,0.195449,-0.24939,0.094155,0.000103,1,302.0,3.052882,9.0
0.1993,0.2353,0.273,0.3845,0.4683,0.3979,0.169582,-0.240723,0.118859,0.000103,1,300.0,2.159736,4.0
0.1966,0.2342,0.2623,0.3902,0.4365,0.3605,0.196015,-0.24984,0.087119,0.000103,1,299.0,3.41242,6.0
0.2019,0.2308,0.258,0.343,0.3866,0.3167,0.141431,-0.195539,0.083817,0.000103,1,299.0,3.41242,5.0
0.1553,0.1844,0.2127,0.3331,0.3883,0.3047,0.220594,-0.287343,0.10336,1e-06,1,227.0,7.594643,15.0
0.1766,0.1912,0.2213,0.3043,0.3792,0.3101,0.157915,-0.228254,0.110597,1e-06,1,304.0,25.502439,64.0
0.1748,0.1944,0.2234,0.2838,0.3718,0.3254,0.119085,-0.186951,0.129626,1e-06,1,242.0,3.052882,8.0
0.1593,0.1836,0.1969,0.3202,0.3649,0.295,0.238445,-0.271139,0.079036,1e-06,1,229.0,9.689803,20.0
0.1482,0.1683,0.1799,0.324,0.3613,0.2779,0.285969,-0.316271,0.068088,1e-06,1,221.0,6.088528,7.0
0.1556,0.172,0.1965,0.2827,0.3753,0.3094,0.179883,-0.243457,0.132165,1e-06,1,235.0,2.159736,13.0
0.1442,0.1657,0.1627,0.3606,0.308,0.2387,0.378177,-0.370321,-0.034956,1e-06,1,246.0,7.743239,15.0
0.1542,0.1774,0.2003,0.3002,0.371,0.2934,0.1996,-0.257119,0.113971,1e-06,1,227.0,1.527525,7.0
0.1508,0.168,0.2046,0.287,0.3801,0.3158,0.167616,-0.261538,0.143667,1e-06,1,239.0,6.800801,16.0
0.1598,0.1827,0.2004,0.3205,0.4043,0.3159,0.230562,-0.273847,0.114654,1e-06,1,249.0,6.45483,13.0
0.1527,0.168,0.1942,0.297,0.37,0.3039,0.209283,-0.277419,0.11293,1e-06,1,224.0,2.159736,5.0
0.1547,0.1719,0.1926,0.2863,0.3614,0.3057,0.195657,-0.249673,0.113568,1e-06,1,234.0,4.313351,20.0
0.1487,0.1619,0.1897,0.2742,0.3835,0.3168,0.182151,-0.25751,0.150888,1e-06,1,220.0,0.0,15.0
0.1511,0.1673,0.1842,0.3041,0.3492,0.2914,0.245546,-0.290199,0.079102,1e-06,1,212.0,6.274438,11.0
0.1631,0.1781,0.2012,0.2638,0.357,0.3112,0.134624,-0.193935,0.133286,1e-06,1,231.0,6.274438,25.0
0.1527,0.1701,0.1953,0.2914,0.3818,0.3082,0.197452,-0.262839,0.130239,1e-06,1,232.0,7.594643,9.0
0.166,0.1959,0.2332,0.2933,0.3822,0.3542,0.11415,-0.199101,0.14525,1e-06,1,234.0,7.594643,8.0
0.1632,0.181,0.2171,0.2986,0.3938,0.3239,0.158038,-0.245204,0.138995,1e-06,1,243.0,4.313351,10.0
0.1539,0.1645,0.1966,0.2658,0.3571,0.3014,0.149654,-0.235417,0.137662,1e-06,1,246.0,19.736122,46.0
0.1704,0.1925,0.221,0.3195,0.3983,0.3346,0.182239,-0.248047,0.116661,1e-06,1,221.0,5.491994,10.0
0.1894,0.2436,0.3145,0.3757,0.5356,0.4736,0.08867,-0.213305,0.201385,6e-06,1,591.0,3.41242,15.0
0.1371,0.1593,0.1624,0.3846,0.323,0.2534,0.406216,-0.414231,-0.036044,6e-06,1,579.0,4.820199,13.0
0.1415,0.1629,0.1638,0.382,0.3138,0.2396,0.39978,-0.402092,-0.04585,6e-06,1,563.0,2.159736,8.0
0.1291,0.139,0.1264,0.3177,0.212,0.1562,0.430759,-0.391285,-0.138054,6e-06,1,559.0,3.052882,10.0
0.1354,0.1496,0.1964,0.2419,0.3349,0.292,0.10381,-0.23576,0.169492,6e-06,1,571.0,2.159736,9.0
0.1477,0.176,0.1799,0.3652,0.3351,0.2646,0.339938,-0.349593,0.002043,6e-06,1,596.0,9.689803,30.0
0.1499,0.1665,0.185,0.3207,0.3996,0.3283,0.268341,-0.316502,0.108036,6e-06,1,598.0,6.274438,15.0
0.1495,0.1686,0.2123,0.2639,0.4073,0.3711,0.108358,-0.220347,0.199613,6e-06,1,583.0,3.41242,14.0
0.1658,0.1973,0.2646,0.3403,0.4832,0.4595,0.125145,-0.265997,0.192759,6e-06,1,560.0,4.820199,11.0
0.1472,0.1682,0.1859,0.3787,0.3299,0.2573,0.341481,-0.384897,-0.009696,6e-06,1,586.0,1.527525,11.0
0.1679,0.1967,0.243,0.3229,0.4557,0.3847,0.141191,-0.242879,0.174779,6e-06,1,594.0,4.820199,24.0
0.1424,0.1554,0.1556,0.3446,0.2912,0.2252,0.377849,-0.3784,-0.04305,6e-06,1,564.0,1.527525,7.0
0.1424,0.1615,0.1917,0.2799,0.3725,0.3159,0.187023,-0.268237,0.143842,6e-06,1,588.0,1.527525,10.0
0.1434,0.1729,0.1765,0.3922,0.3505,0.2575,0.379286,-0.388073,-0.008093,6e-06,1,572.0,1.527525,11.0
0.1911,0.22,0.2577,0.3483,0.3794,0.3333,0.149505,-0.225761,0.083043,6e-06,1,579.0,4.313351,17.0
0.1673,0.1988,0.2431,0.2893,0.4104,0.3773,0.086777,-0.185413,0.177371,6e-06,1,587.0,3.41242,17.0
0.1662,0.1893,0.2315,0.2702,0.3716,0.3546,0.077138,-0.176061,0.160366,6e-06,1,567.0,1.527525,7.0
0.1676,0.2059,0.2654,0.3538,0.4457,0.4,0.142765,-0.264249,0.153915,6e-06,1,578.0,7.594643,13.0
0.1243,0.1408,0.1366,0.3192,0.2943,0.2223,0.400614,-0.387826,-0.01441,6e-06,1,568.0,1.527525,5.0
0.134,0.1512,0.2006,0.2339,0.3876,0.3394,0.07664,-0.214749,0.230415,6e-06,1,590.0,3.41242,9.0
0.2115,0.2409,0.2856,0.3705,0.4849,0.4123,0.129401,-0.211973,0.139372,0.000103,1,300.0,1.527525,6.0
0.2176,0.2531,0.2785,0.357,0.4599,0.4104,0.123525,-0.1703,0.124752,0.000103,1,284.0,3.052882,14.0
0.222,0.2577,0.3098,0.4063,0.5121,0.4285,0.134758,-0.223795,0.133499,0.000103,1,300.0,3.052882,4.0
0.231,0.272,0.3243,0.3977,0.5357,0.4796,0.101662,-0.187696,0.15537,0.000103,1,302.0,3.41242,8.0
0.2169,0.2487,0.2852,0.3929,0.4849,0.4102,0.158826,-0.224751,0.116168,0.000103,1,304.0,2.159736,6.0
0.2312,0.2688,0.3183,0.4219,0.5458,0.4691,0.139962,-0.221659,0.139072,0.000103,1,304.0,3.41242,7.0
0.194,0.2364,0.2653,0.3635,0.447,0.3688,0.15617,-0.211869,0.121909,0.000103,1,295.0,1.527525,6.0
0.1909,0.2195,0.2496,0.3588,0.4118,0.3482,0.179487,-0.240878,0.09223,0.000103,1,304.0,0.0,7.0
0.1772,0.2014,0.2211,0.351,0.4217,0.3511,0.227058,-0.270818,0.097865,0.000103,1,306.0,0.0,12.0
0.2099,0.2388,0.287,0.3681,0.5165,0.4523,0.123798,-0.21305,0.163228,0.000103,1,308.0,1.527525,5.0
0.2186,0.2562,0.3001,0.4235,0.5239,0.4437,0.170536,-0.246138,0.124071,0.000103,1,305.0,3.41242,7.0
0.1955,0.2275,0.2521,0.4085,0.4721,0.3871,0.236754,-0.284591,0.090498,0.000103,1,308.0,1.527525,7.0
0.1799,0.2065,0.2238,0.373,0.4348,0.3426,0.25,-0.287317,0.087247,0.000103,1,299.0,2.159736,6.0
0.213,0.2431,0.2746,0.372,0.4306,0.3697,0.150634,-0.209559,0.093164,0.000103,1,296.0,8.172055,18.0
0.2616,0.294,0.3223,0.3786,0.4614,0.4377,0.080325,-0.125781,0.10078,0.000103,1,310.0,1.527525,5.0
0.2018,0.2273,0.2577,0.3755,0.4607,0.3843,0.186039,-0.245853,0.108899,0.000103,1,295.0,3.41242,12.0
0.204,0.2401,0.2696,0.3904,0.4361,0.3706,0.18303,-0.238382,0.085609,0.000103,1,300.0,4.573921,7.0
0.1964,0.2237,0.2581,0.371,0.4415,0.3603,0.179463,-0.247688,0.104341,0.000103,1,293.0,0.0,6.0
0.2078,0.2443,0.2859,0.3798,0.4861,0.4019,0.141055,-0.217113,0.135628,0.000103,1,306.0,4.820199,9.0
0.1711,0.1971,0.2029,0.3548,0.4074,0.3127,0.272369,-0.28574,0.074283,0.000103,1,299.0,3.41242,4.0
0.1709,0.1911,0.2011,0.3579,0.4015,0.3348,0.280501,-0.303825,0.065229,0.000103,0,297.0,3.41242,6.0
0.2262,0.2817,0.3369,0.4438,0.5378,0.4682,0.136928,-0.223432,0.132518,0.000103,0,308.0,2.159736,6.0
0.2038,0.2336,0.2698,0.3866,0.496,0.4103,0.17794,-0.246695,0.129332,0.000103,0,303.0,3.052882,5.0
0.1656,0.1882,0.1986,0.3777,0.414,0.3115,0.310776,-0.334865,0.059953,0.000103,0,298.0,1.527525,7.0
0.1987,0.232,0.2539,0.4104,0.508,0.4242,0.235586,-0.277709,0.111452,0.000103,0,305.0,3.41242,9.0
0.163,0.1671,0.1578,0.1547,0.1675,0.1524,-0.00992,0.038533,0.01182,0.000103,0,284.0,3.41242,15.0
0.1965,0.2248,0.2558,0.3775,0.4965,0.4088,0.192168,-0.253528,0.134434,0.000103,0,301.0,3.41242,6.0
0.21,0.2364,0.2717,0.3639,0.4714,0.3943,0.14506,-0.212394,0.128474,0.000103,0,298.0,0.0,6.0
0.193,0.2197,0.2424,0.3901,0.4509,0.3598,0.233518,-0.279436,0.086337,0.000103,0,297.0,4.313351,8.0
0.2315,0.279,0.3347,0.425,0.5393,0.4614,0.118863,-0.207386,0.14211,0.000103,0,309.0,2.159736,9.0
0.1891,0.2207,0.2412,0.406,0.4644,0.3732,0.254635,-0.295676,0.084954,0.000103,0,293.0,3.052882,10.0
0.2265,0.2713,0.3234,0.4245,0.5459,0.4759,0.135178,-0.220178,0.14359,0.000103,0,303.0,0.0,7.0
0.2394,0.2805,0.3436,0.4428,0.5753,0.4921,0.126144,-0.224388,0.147836,0.000103,0,303.0,2.159736,8.0
0.1994,0.2237,0.2538,0.3562,0.4419,0.3596,0.167869,-0.228488,0.111964,0.000103,0,296.0,2.159736,7.0
0.2044,0.2481,0.2707,0.4387,0.4923,0.4098,0.23682,-0.277519,0.085271,0.000103,0,306.0,1.527525,8.0
0.1948,0.2264,0.2564,0.3429,0.4239,0.3581,0.144335,-0.204637,0.117077,0.000103,0,295.0,3.052882,7.0
0.2051,0.233,0.2666,0.3801,0.483,0.399,0.175506,-0.239928,0.123165,0.000103,0,302.0,3.052882,5.0
0.1663,0.1979,0.1843,0.4047,0.3344,0.2596,0.374194,-0.34318,-0.047995,0.000103,0,301.0,2.159736,4.0
0.2172,0.2577,0.3026,0.3915,0.497,0.4333,0.12808,-0.2061,0.135554,0.000103,0,303.0,0.0,6.0
0.2184,0.2478,0.2759,0.3164,0.3642,0.3402,0.068377,-0.121588,0.089625,0.000103,0,285.0,5.491994,13.0
0.1442,0.1586,0.2,0.2248,0.384,0.3529,0.05838,-0.172666,0.225603,0.0,1,672.0,1.527525,9.0
0.1447,0.1627,0.1805,0.2136,0.2664,0.2465,0.083989,-0.135264,0.110035,0.0,1,471.0,3.41242,6.0
0.145,0.1602,0.2121,0.2216,0.4357,0.4226,0.021905,-0.160817,0.277208,0.0,1,644.0,10.678415,54.0
0.1448,0.1662,0.1847,0.2892,0.3226,0.2711,0.220511,-0.270092,0.077871,0.0,1,494.0,1.527525,10.0
0.1478,0.165,0.2236,0.2359,0.443,0.4143,0.026768,-0.176852,0.269352,0.0,1,650.0,16.788504,72.0
0.135,0.1625,0.1786,0.318,0.3836,0.2916,0.280709,-0.323621,0.107565,0.0,1,589.0,11.764993,53.0
0.1311,0.1567,0.1615,0.3147,0.3049,0.2343,0.321714,-0.335172,0.022583,0.0,1,503.0,3.41242,22.0
0.1417,0.1585,0.2018,0.2254,0.3734,0.3691,0.055243,-0.174264,0.220843,0.0,1,488.0,8.838262,46.0
0.1415,0.1509,0.1889,0.1796,0.3659,0.3493,-0.025237,-0.086838,0.266811,0.0,1,628.0,6.274438,37.0
0.1378,0.1607,0.1679,0.2792,0.3308,0.2634,0.248938,-0.269379,0.089221,0.0,1,513.0,4.573921,21.0
0.1447,0.17,0.1874,0.2952,0.328,0.2763,0.223373,-0.269132,0.079033,0.0,1,478.0,1.527525,7.0
0.1241,0.1446,0.1391,0.3259,0.2766,0.2048,0.40172,-0.385335,-0.039621,0.0,1,474.0,2.159736,12.0
0.1477,0.1614,0.2093,0.2144,0.4561,0.4541,0.012037,-0.141032,0.295182,0.0,1,604.0,16.911724,42.0
0.1409,0.1545,0.2066,0.2007,0.3816,0.3692,-0.014486,-0.130068,0.265218,0.0,1,649.0,3.41242,22.0
0.1371,0.1687,0.164,0.3282,0.3271,0.2489,0.333604,-0.32099,0.026976,0.0,1,517.0,16.788504,67.0
0.1507,0.1655,0.2153,0.2159,0.4533,0.4301,0.001391,-0.132145,0.291731,0.0,1,636.0,10.573524,54.0
0.1392,0.1663,0.1754,0.3116,0.2938,0.2415,0.279671,-0.304038,0.02,0.0,1,488.0,3.052882,8.0
0.1876,0.1993,0.211,0.3417,0.3873,0.3592,0.236475,-0.263216,0.061192,0.0,1,492.0,1.527525,11.0
0.1283,0.156,0.1525,0.3407,0.3195,0.231,0.38159,-0.371854,0.003188,0.0,1,554.0,4.313351,22.0
0.1372,0.164,0.1698,0.3207,0.3342,0.2726,0.307645,-0.323293,0.047926,0.0,1,502.0,2.159736,11.0
0.134,0.1574,0.1919,0.2339,0.4,0.3437,0.098638,-0.195502,0.233382,1e-06,0,692.0,3.41242,6.0
0.1483,0.1658,0.1891,0.2337,0.3798,0.3252,0.105487,-0.169962,0.196551,1e-06,0,697.0,0.0,8.0
0.142,0.1616,0.1854,0.2245,0.3637,0.3029,0.095389,-0.162911,0.199432,1e-06,0,704.0,0.0,8.0
0.1292,0.1634,0.1407,0.4561,0.2797,0.1959,0.528485,-0.472478,-0.163965,1e-06,0,689.0,4.573921,9.0
0.1407,0.1754,0.1776,0.4015,0.319,0.2402,0.386634,-0.391922,-0.043897,1e-06,0,734.0,3.41242,7.0
0.163,0.1981,0.2147,0.4101,0.4275,0.3143,0.31274,-0.34857,0.056858,1e-06,0,693.0,0.0,10.0
0.1392,0.1607,0.1848,0.229,0.3604,0.3026,0.106815,-0.175263,0.193781,1e-06,0,717.0,2.159736,9.0
0.1484,0.1745,0.1922,0.2963,0.3695,0.296,0.213101,-0.258709,0.116256,1e-06,0,712.0,3.41242,10.0
0.1334,0.163,0.1579,0.4249,0.305,0.2196,0.458133,-0.445484,-0.093419,1e-06,0,702.0,4.313351,6.0
0.1347,0.1565,0.1667,0.2884,0.3105,0.2385,0.267414,-0.296471,0.060091,1e-06,0,731.0,4.573921,11.0
0.1348,0.1722,0.1639,0.428,0.2909,0.2008,0.44619,-0.426191,-0.106132,1e-06,0,734.0,3.41242,8.0
0.1425,0.1629,0.1863,0.2235,0.3634,0.3037,0.090776,-0.156832,0.200612,1e-06,0,726.0,2.159736,10.0
0.1435,0.1831,0.1661,0.4654,0.3531,0.2545,0.473951,-0.435312,-0.079514,1e-06,0,735.0,1.527525,12.0
0.131,0.1501,0.1794,0.2087,0.3425,0.2904,0.075496,-0.163322,0.211467,1e-06,0,729.0,0.0,7.0
0.1296,0.1439,0.1646,0.1992,0.3361,0.2768,0.095107,-0.161177,0.207233,1e-06,0,731.0,3.052882,7.0
0.1368,0.1613,0.1713,0.3256,0.3752,0.2863,0.310525,-0.337441,0.083358,1e-06,0,692.0,2.159736,11.0
0.1629,0.1875,0.2233,0.2894,0.4214,0.3409,0.128925,-0.213672,0.175387,1e-06,0,695.0,3.052882,8.0
0.165,0.1939,0.2323,0.3182,0.4588,0.3614,0.15604,-0.242726,0.177042,1e-06,0,698.0,6.088528,10.0
0.1408,0.159,0.1851,0.2212,0.3354,0.278,0.088851,-0.163598,0.179603,1e-06,0,728.0,4.313351,7.0
0.143,0.1657,0.1855,0.2562,0.3444,0.2775,0.160063,-0.214506,0.140674,1e-06,0,715.0,1.527525,10.0
0.1423,0.1692,0.206,0.2474,0.3764,0.3171,0.09131,-0.18771,0.198231,1e-06,0,714.0,1.527525,6.0
0.1405,0.179,0.1605,0.441,0.2805,0.2128,0.466334,-0.422581,-0.137408,1e-06,0,722.0,3.052882,10.0
0.1476,0.1705,0.1982,0.2496,0.3744,0.2968,0.114783,-0.188289,0.180862,1e-06,0,713.0,1.527525,8.0
0.145,0.1692,0.2,0.2481,0.3647,0.3089,0.107342,-0.189073,0.179161,1e-06,0,730.0,0.0,8.0
0.1411,0.1716,0.1658,0.3738,0.3113,0.2386,0.385471,-0.370737,-0.038105,1e-06,0,719.0,1.527525,8.0
0.1319,0.1504,0.1778,0.2079,0.3537,0.2982,0.07804,-0.16048,0.220016,1e-06,0,717.0,2.159736,10.0
0.1383,0.1688,0.2316,0.2834,0.4458,0.3663,0.100583,-0.253428,0.232645,1e-06,0,762.0,4.313351,11.0
0.1554,0.1863,0.2307,0.3189,0.4531,0.3529,0.16048,-0.26247,0.1809,1e-06,0,766.0,6.088528,24.0
0.1611,0.1988,0.2378,0.3424,0.431,0.3511,0.180283,-0.265336,0.141005,1e-06,0,740.0,3.41242,9.0
0.1727,0.2088,0.2875,0.3481,0.5131,0.4241,0.095343,-0.250135,0.211745,1e-06,0,748.0,3.052882,7.0
0.125,0.1589,0.1357,0.4949,0.2837,0.1972,0.569616,-0.513919,-0.192918,1e-06,0,742.0,0.0,7.0
0.1396,0.169,0.1986,0.3163,0.3824,0.3164,0.228588,-0.303524,0.120648,1e-06,0,740.0,4.820199,10.0
0.1518,0.1814,0.214,0.281,0.407,0.3241,0.135354,-0.215398,0.178592,1e-06,0,753.0,3.41242,12.0
0.1206,0.159,0.1339,0.4781,0.2676,0.1846,0.562418,-0.500863,-0.197161,1e-06,0,751.0,0.0,11.0
0.1356,0.1531,0.1713,0.2325,0.3404,0.2737,0.15156,-0.205913,0.163219,1e-06,0,715.0,1.527525,8.0
0.1574,0.1866,0.2243,0.3175,0.4531,0.349,0.172019,-0.259671,0.175735,1e-06,0,754.0,2.159736,8.0
0.1321,0.165,0.1608,0.3599,0.3467,0.2562,0.38237,-0.371309,0.015508,1e-06,0,733.0,3.41242,12.0
0.1351,0.1536,0.1793,0.2129,0.3689,0.3051,0.085671,-0.161801,0.223388,1e-06,0,737.0,4.313351,6.0
0.1677,0.2062,0.2726,0.3445,0.506,0.4131,0.116513,-0.251135,0.206384,1e-06,0,779.0,10.986526,38.0
0.142,0.1689,0.1748,0.325,0.3306,0.2516,0.30052,-0.316056,0.03949,1e-06,0,735.0,1.527525,6.0
0.1354,0.1578,0.1368,0.4013,0.2553,0.1754,0.491544,-0.435521,-0.155685,2e-06,0,584.0,0.0,4.0
0.1386,0.1654,0.1378,0.4196,0.2626,0.1812,0.505562,-0.43453,-0.164615,2e-06,0,599.0,3.41242,11.0
0.1293,0.1522,0.1279,0.3971,0.231,0.1591,0.512762,-0.44584,-0.189201,2e-06,0,601.0,3.41242,10.0
0.1711,0.1884,0.2128,0.3153,0.4525,0.3561,0.194092,-0.251936,0.155336,2e-06,0,606.0,2.159736,6.0
0.1364,0.1694,0.1377,0.4501,0.2427,0.1632,0.531473,-0.453107,-0.213155,2e-06,0,582.0,3.052882,11.0
0.1715,0.1885,0.2166,0.3563,0.3992,0.343,0.243847,-0.308003,0.07695,2e-06,0,602.0,2.159736,7.0
0.1305,0.1522,0.1301,0.3935,0.2391,0.1616,0.503056,-0.442184,-0.173309,2e-06,0,599.0,4.820199,10.0
0.1462,0.1728,0.1533,0.461,0.3213,0.2356,0.500895,-0.454718,-0.122573,2e-06,0,598.0,5.491994,17.0
0.132,0.1532,0.1298,0.402,0.2275,0.1545,0.511846,-0.448127,-0.19825,2e-06,0,588.0,1.527525,8.0
0.1667,0.1806,0.1815,0.3384,0.3306,0.2824,0.301789,-0.304046,0.006882,2e-06,0,598.0,5.491994,11.0
0.1333,0.1546,0.1315,0.3948,0.2297,0.1591,0.500285,-0.437204,-0.187676,2e-06,0,598.0,2.159736,12.0
0.15,0.1793,0.1637,0.4132,0.3163,0.2256,0.432484,-0.394768,-0.079755,2e-06,0,590.0,1.527525,7.0
0.1368,0.1647,0.136,0.4564,0.2645,0.1788,0.540851,-0.469651,-0.193922,2e-06,0,594.0,7.594643,16.0
0.1363,0.1596,0.1404,0.4112,0.2713,0.1885,0.490935,-0.440785,-0.141576,2e-06,0,590.0,2.159736,7.0
0.1373,0.1694,0.1364,0.4863,0.2586,0.1692,0.561908,-0.4833,-0.224426,2e-06,0,587.0,3.41242,11.0
0.1731,0.1924,0.1912,0.3719,0.4125,0.3294,0.320902,-0.318093,0.051101,2e-06,0,598.0,3.052882,10.0
0.1609,0.1824,0.1913,0.3406,0.4355,0.334,0.280692,-0.302486,0.111052,2e-06,0,596.0,3.41242,9.0
0.1463,0.1705,0.1474,0.3653,0.2543,0.1822,0.425005,-0.363569,-0.120333,2e-06,0,584.0,1.527525,5.0
0.1467,0.1644,0.1601,0.3457,0.3068,0.2292,0.366943,-0.355421,-0.026582,2e-06,0,604.0,2.159736,10.0
0.1401,0.1725,0.1409,0.4529,0.2677,0.1759,0.525429,-0.448353,-0.184105,2e-06,0,587.0,4.820199,6.0
0.1795,0.215,0.2611,0.3393,0.4697,0.4043,0.130247,-0.224247,0.169654,0.0,1,270.0,1.527525,6.0
0.3092,0.3855,0.5178,0.6562,0.6435,0.483,0.117888,-0.259864,0.092115,0.0,1,279.0,2.159736,4.0
0.1626,0.1862,0.2204,0.2773,0.4101,0.3869,0.114326,-0.196548,0.178064,0.0,1,285.0,2.159736,5.0
0.1669,0.2024,0.2384,0.2881,0.3717,0.3355,0.094397,-0.17472,0.14562,0.0,1,283.0,4.573921,8.0
0.1593,0.1859,0.2169,0.259,0.3667,0.3468,0.088464,-0.164307,0.164987,0.0,1,282.0,2.159736,5.0
0.1558,0.1718,0.1968,0.2382,0.3672,0.3585,0.095172,-0.161951,0.177453,0.0,1,287.0,1.527525,6.0
0.1592,0.1807,0.216,0.2614,0.3981,0.3799,0.095098,-0.182538,0.187011,0.0,1,286.0,4.820199,6.0
0.1684,0.2014,0.2344,0.2902,0.3987,0.3683,0.106367,-0.180635,0.159842,0.0,1,280.0,3.052882,6.0
0.1614,0.1959,0.2251,0.2692,0.3553,0.3206,0.089217,-0.157601,0.14817,0.0,1,288.0,2.159736,4.0
0.2563,0.3094,0.3941,0.4792,0.5575,0.4555,0.097446,-0.215318,0.12809,0.0,1,274.0,1.527525,5.0
0.1752,0.2016,0.2374,0.2922,0.4192,0.39,0.103474,-0.183475,0.168327,0.0,1,280.0,1.527525,5.0
0.1908,0.2231,0.2698,0.3481,0.4792,0.4362,0.12672,-0.218838,0.163134,0.0,1,270.0,3.41242,7.0
0.1729,0.1995,0.2386,0.2896,0.4169,0.3867,0.096554,-0.184216,0.17263,0.0,1,278.0,4.820199,6.0
0.1676,0.2004,0.2365,0.3294,0.4102,0.353,0.164163,-0.243488,0.130891,0.0,1,281.0,1.527525,4.0
0.1847,0.2208,0.258,0.311,0.3899,0.3452,0.093146,-0.169613,0.133088,0.0,1,287.0,1.527525,8.0
0.1591,0.1793,0.2135,0.2683,0.3954,0.3747,0.11374,-0.198838,0.175142,0.0,1,280.0,2.159736,3.0
0.176,0.2047,0.2462,0.3049,0.4273,0.3983,0.106514,-0.196625,0.16684,0.0,1,286.0,1.527525,6.0
0.1591,0.1904,0.22,0.2569,0.3618,0.3335,0.077375,-0.14867,0.166166,0.0,1,287.0,0.0,6.0
0.1854,0.2143,0.2478,0.2988,0.4143,0.3857,0.093304,-0.164685,0.155195,0.0,1,290.0,1.527525,4.0
0.1616,0.1831,0.2109,0.2601,0.4011,0.3857,0.104459,-0.173736,0.184096,0.0,1,285.0,1.527525,5.0
0.1569,0.1727,0.1901,0.2855,0.3194,0.2556,0.200589,-0.246181,0.070491,1e-06,0,202.0,1.527525,10.0
0.1778,0.2012,0.2284,0.3296,0.3947,0.3077,0.181362,-0.241899,0.102344,1e-06,0,202.0,1.527525,8.0
0.1632,0.1826,0.2029,0.3337,0.38,0.2965,0.243757,-0.292659,0.079644,1e-06,0,198.0,6.088528,6.0
0.1471,0.1659,0.16,0.3222,0.3141,0.2384,0.336375,-0.320221,0.005088,1e-06,0,190.0,2.159736,4.0
0.1826,0.2075,0.2397,0.342,0.4275,0.3478,0.175864,-0.244768,0.119651,1e-06,0,193.0,5.491994,10.0
0.1674,0.1883,0.2071,0.3164,0.3542,0.2832,0.208787,-0.253814,0.074156,1e-06,0,198.0,1.527525,6.0
0.1583,0.1822,0.1787,0.3178,0.3337,0.2838,0.280161,-0.2712,0.036722,1e-06,0,191.0,0.0,9.0
0.1622,0.1839,0.1992,0.3117,0.3618,0.3114,0.2202,-0.257869,0.084163,1e-06,0,194.0,2.159736,9.0
0.1614,0.1861,0.2004,0.3448,0.3732,0.2894,0.264857,-0.298926,0.062419,1e-06,0,195.0,4.820199,8.0
0.1451,0.1654,0.1541,0.3395,0.2898,0.228,0.375608,-0.344821,-0.043834,1e-06,0,195.0,5.491994,8.0
0.1822,0.2088,0.239,0.3276,0.3801,0.3199,0.156371,-0.221476,0.09682,1e-06,0,193.0,1.527525,6.0
0.1686,0.1989,0.2268,0.3188,0.3581,0.2978,0.168622,-0.231601,0.090926,1e-06,0,203.0,3.41242,2.0
0.1858,0.209,0.2073,0.2033,0.2835,0.2602,-0.009742,0.013825,0.115581,1e-06,0,206.0,8.172055,16.0
0.1807,0.2087,0.2449,0.3607,0.3874,0.3122,0.191215,-0.266948,0.077447,1e-06,0,194.0,4.313351,7.0
0.1835,0.2076,0.2466,0.3292,0.4292,0.362,0.143453,-0.226528,0.137232,1e-06,0,194.0,0.0,8.0
0.1536,0.1713,0.1892,0.2968,0.3568,0.2916,0.221399,-0.268105,0.095945,1e-06,0,193.0,0.0,8.0
0.1503,0.176,0.1767,0.282,0.2926,0.244,0.229562,-0.231441,0.041038,1e-06,0,202.0,3.052882,6.0
0.1626,0.1889,0.1851,0.3887,0.373,0.2815,0.354827,-0.345914,0.006129,1e-06,0,193.0,1.527525,8.0
0.1616,0.1887,0.1973,0.3435,0.3345,0.2742,0.27034,-0.290868,0.02575,1e-06,0,197.0,3.41242,8.0
0.1618,0.1821,0.2057,0.3097,0.3998,0.3209,0.201785,-0.259455,0.12442,1e-06,0,191.0,3.41242,6.0
0.1322,0.1599,0.155,0.3221,0.3161,0.2323,0.350241,-0.336515,0.018154,0.0,0,512.0,18.476143,75.0
0.155,0.1659,0.2132,0.2179,0.4635,0.4532,0.010902,-0.135487,0.289444,0.0,0,668.0,4.313351,23.0
0.1564,0.173,0.2257,0.2359,0.4112,0.3835,0.022097,-0.153827,0.23766,0.0,0,661.0,9.573118,40.0
0.1389,0.1655,0.1596,0.3513,0.3172,0.2323,0.37522,-0.35952,-0.013857,0.0,0,650.0,19.736122,73.0
0.1328,0.1649,0.1677,0.3337,0.3463,0.2515,0.331073,-0.338548,0.048445,0.0,0,465.0,4.820199,29.0
0.1397,0.1647,0.1709,0.3186,0.341,0.2591,0.301736,-0.318436,0.055246,0.0,0,472.0,3.052882,15.0
0.1335,0.1587,0.1543,0.3414,0.3205,0.2325,0.377446,-0.365327,-0.000105,0.0,0,569.0,17.802299,77.0
0.1375,0.1691,0.1509,0.3899,0.3172,0.2197,0.441938,-0.394991,-0.059568,0.0,0,563.0,19.736122,65.0
0.1587,0.1707,0.2235,0.2271,0.4691,0.4611,0.007989,-0.14178,0.284496,0.0,0,647.0,6.274438,35.0
0.1428,0.1624,0.2036,0.2373,0.3689,0.3283,0.076435,-0.187391,0.201974,0.0,0,530.0,14.196946,52.0
0.1407,0.1578,0.1798,0.2396,0.3252,0.2691,0.142585,-0.205838,0.140856,0.0,0,479.0,4.313351,14.0
0.1485,0.1651,0.2019,0.2374,0.3917,0.3729,0.08081,-0.179627,0.212047,0.0,0,652.0,8.578358,14.0
0.1409,0.1633,0.2388,0.2462,0.3289,0.2284,0.015258,-0.202442,0.18915,0.0,0,621.0,10.986526,40.0
0.1293,0.1561,0.1555,0.3385,0.3186,0.2348,0.370445,-0.368783,0.006689,0.0,0,500.0,3.41242,19.0
0.1431,0.1797,0.1804,0.3681,0.3569,0.2648,0.342206,-0.343921,0.024893,0.0,0,558.0,10.986526,54.0
0.1439,0.1809,0.1736,0.3809,0.3265,0.2321,0.37385,-0.355999,-0.0241,0.0,0,542.0,19.685728,89.0
0.1299,0.1567,0.1467,0.3443,0.2982,0.2154,0.402444,-0.374451,-0.031879,0.0,0,458.0,3.41242,6.0
0.1416,0.1659,0.1769,0.3024,0.3361,0.2711,0.26184,-0.29148,0.0721,0.0,0,469.0,7.594643,21.0
0.1339,0.1643,0.1522,0.3421,0.2943,0.2139,0.38418,-0.351106,-0.031978,0.0,0,588.0,2.159736,23.0
0.1389,0.172,0.1721,0.3016,0.3127,0.242,0.27338,-0.273649,0.047876,0.0,0,498.0,3.41242,29.0
0.1496,0.1725,0.191,0.2692,0.3196,0.2659,0.169926,-0.218927,0.098773,0.009991,0,343.0,1.527525,6.0
0.2027,0.2402,0.2862,0.3232,0.3958,0.3514,0.060715,-0.14732,0.129233,0.009991,0,351.0,4.820199,10.0
0.1619,0.1875,0.2098,0.2537,0.2948,0.2538,0.094714,-0.150045,0.096718,0.009991,0,346.0,2.159736,5.0
0.2269,0.2605,0.2917,0.3418,0.3714,0.3371,0.079084,-0.134983,0.076636,0.009991,0,342.0,1.527525,5.0
0.1648,0.1909,0.2207,0.2543,0.3019,0.272,0.070737,-0.142408,0.109908,0.009991,0,341.0,0.0,7.0
0.1477,0.1658,0.1873,0.2144,0.2657,0.2413,0.067463,-0.127827,0.11152,0.009991,0,351.0,1.527525,4.0
0.1612,0.1888,0.2219,0.2677,0.3359,0.2912,0.093546,-0.172837,0.130637,0.009991,0,340.0,1.527525,5.0
0.1469,0.1726,0.1893,0.2668,0.3017,0.2597,0.169919,-0.214383,0.085443,0.009991,0,341.0,3.052882,6.0
0.1595,0.1868,0.2129,0.2481,0.2997,0.2688,0.076356,-0.140952,0.114106,0.009991,0,345.0,2.159736,4.0
0.1923,0.2312,0.2714,0.3466,0.4072,0.3351,0.121683,-0.199723,0.114743,0.009991,0,346.0,3.052882,5.0
0.1693,0.1935,0.2166,0.2531,0.3163,0.2828,0.077709,-0.133453,0.11567,0.009991,0,333.0,0.0,4.0
0.1989,0.2252,0.2563,0.3263,0.3984,0.3355,0.120151,-0.183318,0.109755,0.009991,0,351.0,4.313351,6.0
0.1807,0.2079,0.2405,0.2925,0.38,0.328,0.097561,-0.169065,0.13468,0.009991,0,339.0,3.052882,3.0
0.1677,0.1947,0.218,0.2932,0.3342,0.2838,0.147105,-0.201886,0.090119,0.009991,0,335.0,2.159736,5.0
0.2058,0.2336,0.2571,0.2927,0.3447,0.3173,0.064751,-0.112293,0.093883,0.009991,0,338.0,0.0,4.0
0.1636,0.1913,0.2207,0.2808,0.337,0.2927,0.119841,-0.189578,0.113063,0.009991,0,341.0,2.159736,7.0
0.1632,0.1877,0.2173,0.2561,0.31,0.2784,0.08196,-0.154123,0.114093,0.009991,0,346.0,1.527525,5.0
0.1461,0.1656,0.1849,0.2517,0.3073,0.2559,0.153,-0.206326,0.106067,0.009991,0,346.0,1.527525,4.0
0.1919,0.2348,0.2742,0.326,0.3621,0.3133,0.086305,-0.162625,0.102582,0.009991,0,343.0,1.527525,5.0
0.1472,0.1689,0.1915,0.226,0.2802,0.2467,0.082635,-0.144594,0.116582,0.009991,0,338.0,1.527525,4.0
0.1842,0.2105,0.2423,0.302,0.4256,0.4009,0.109682,-0.178537,0.157439,0.0,0,299.0,6.45483,10.0
0.174,0.2171,0.2539,0.3011,0.3839,0.3475,0.085045,-0.1621,0.146195,0.0,0,319.0,3.052882,4.0
0.2252,0.2761,0.3425,0.4362,0.5402,0.4321,0.120329,-0.224765,0.14332,0.0,0,310.0,1.527525,6.0
0.1778,0.2211,0.2635,0.3219,0.421,0.3847,0.099761,-0.185635,0.156055,0.0,0,315.0,1.527525,4.0
0.1751,0.211,0.2452,0.344,0.413,0.3502,0.167685,-0.23964,0.118152,0.0,0,311.0,1.527525,5.0
0.1704,0.1942,0.2345,0.2858,0.4326,0.4248,0.098597,-0.190833,0.18775,0.0,0,305.0,0.0,5.0
0.183,0.223,0.2592,0.3055,0.3943,0.3605,0.08199,-0.156102,0.144483,0.0,0,311.0,1.527525,5.0
0.2102,0.2541,0.3137,0.4224,0.4933,0.392,0.14767,-0.248781,0.121145,0.0,0,304.0,1.527525,4.0
0.184,0.2376,0.2806,0.3428,0.4456,0.3947,0.099775,-0.181254,0.159138,0.0,0,312.0,1.527525,4.0
0.1906,0.2333,0.276,0.3872,0.4528,0.3793,0.167672,-0.248026,0.115567,0.0,0,307.0,3.41242,5.0
0.2059,0.2503,0.2852,0.4128,0.4809,0.4046,0.182808,-0.245061,0.106441,0.0,0,304.0,1.527525,5.0
0.183,0.2193,0.2604,0.3271,0.4302,0.3731,0.113532,-0.197291,0.150329,0.0,0,307.0,2.159736,5.0
0.1693,0.2024,0.2388,0.2971,0.389,0.352,0.108789,-0.18959,0.147505,0.0,0,305.0,1.527525,4.0
0.18,0.2127,0.2557,0.3341,0.4247,0.3653,0.132926,-0.222019,0.139221,0.0,0,313.0,3.41242,5.0
0.1963,0.2413,0.2847,0.4291,0.4657,0.3776,0.202298,-0.280131,0.090856,0.0,0,301.0,2.159736,6.0
0.1723,0.208,0.2454,0.3058,0.4169,0.3713,0.109579,-0.190346,0.161522,0.0,0,307.0,2.159736,5.0
0.1668,0.1898,0.2237,0.2728,0.3848,0.3576,0.098892,-0.179421,0.161149,0.0,0,310.0,2.159736,8.0
0.2333,0.2819,0.3258,0.3933,0.4828,0.4344,0.093867,-0.164988,0.126812,0.0,0,308.0,1.527525,7.0
0.1792,0.2132,0.2546,0.343,0.4171,0.3571,0.147925,-0.233369,0.12522,0.0,0,314.0,3.052882,4.0
0.1797,0.2093,0.2502,0.3173,0.4351,0.3963,0.118238,-0.205089,0.159266,0.0,0,311.0,4.313351,5.0
0.1327,0.1469,0.1657,0.2222,0.298,0.2646,0.145656,-0.20401,0.13291,6e-06,0,523.0,0.0,8.0
0.1464,0.1613,0.182,0.2692,0.3249,0.2723,0.193262,-0.250639,0.09897,6e-06,0,666.0,13.812478,70.0
0.1585,0.1833,0.2159,0.3381,0.3424,0.2921,0.220578,-0.296893,0.058489,6e-06,0,534.0,2.159736,7.0
0.1452,0.1563,0.1861,0.2397,0.3339,0.2955,0.125881,-0.210606,0.149298,6e-06,0,582.0,22.862087,87.0
0.142,0.1521,0.1749,0.205,0.3093,0.3058,0.079231,-0.148138,0.165063,6e-06,0,653.0,19.685728,66.0
0.136,0.1553,0.1553,0.3294,0.3094,0.2318,0.359191,-0.359191,-0.000753,6e-06,0,528.0,3.052882,13.0
0.16,0.1806,0.2272,0.2882,0.3223,0.2893,0.118355,-0.229522,0.101534,6e-06,0,558.0,5.491994,63.0
0.153,0.1671,0.2009,0.2647,0.3491,0.2939,0.137027,-0.226031,0.136716,6e-06,0,567.0,21.036348,76.0
0.1562,0.1762,0.2313,0.2755,0.3927,0.3575,0.087214,-0.219836,0.182154,6e-06,0,558.0,3.41242,37.0
0.15,0.1706,0.188,0.2716,0.2872,0.2491,0.181897,-0.228403,0.059768,6e-06,0,558.0,21.624784,37.0
0.1488,0.1721,0.2095,0.301,0.3784,0.3358,0.179236,-0.272458,0.133083,6e-06,0,554.0,4.820199,16.0
0.1337,0.1615,0.1425,0.4106,0.2989,0.2234,0.484723,-0.435413,-0.104393,6e-06,0,530.0,3.052882,6.0
0.1674,0.1901,0.2421,0.3243,0.369,0.3061,0.145127,-0.260886,0.10827,6e-06,0,631.0,26.183762,72.0
0.1449,0.1515,0.1774,0.2069,0.2957,0.2805,0.076763,-0.154576,0.147048,6e-06,0,581.0,20.756933,104.0
0.1462,0.1624,0.201,0.241,0.3589,0.3476,0.090498,-0.194844,0.182346,6e-06,0,588.0,14.121026,53.0
0.154,0.1714,0.2102,0.2877,0.3415,0.2853,0.155654,-0.253322,0.110731,6e-06,0,573.0,7.743239,31.0
0.1481,0.1656,0.1953,0.2651,0.2687,0.2368,0.151607,-0.231019,0.057912,6e-06,0,553.0,15.352285,60.0
0.1442,0.1734,0.1657,0.3222,0.2888,0.2273,0.320762,-0.300242,-0.012922,6e-06,0,517.0,4.820199,9.0
0.1528,0.173,0.1876,0.3332,0.3504,0.291,0.27957,-0.316476,0.050781,6e-06,0,531.0,2.159736,6.0
0.161,0.1804,0.2325,0.3065,0.3825,0.3187,0.137291,-0.258985,0.136259,6e-06,0,579.0,16.788504,78.0
0.1765,0.2078,0.2428,0.2887,0.3876,0.3201,0.086359,-0.162941,0.150785,0.001465,0,8.0,1.527525,5.0
0.1688,0.1951,0.2193,0.3004,0.3905,0.3089,0.156052,-0.212513,0.130306,0.001465,0,27.0,7.743239,38.0
0.172,0.2071,0.2393,0.2844,0.3781,0.3109,0.086118,-0.157274,0.149935,0.001465,0,8.0,2.159736,10.0
0.1844,0.2158,0.2515,0.3098,0.3961,0.3327,0.103866,-0.178843,0.134349,0.001465,0,9.0,1.527525,7.0
0.1743,0.211,0.2451,0.2929,0.3849,0.3222,0.088848,-0.162532,0.148378,0.001465,0,10.0,3.052882,8.0
0.2086,0.2416,0.26,0.3366,0.4279,0.3803,0.128394,-0.164303,0.115725,0.001465,0,18.0,1.527525,5.0
0.173,0.2061,0.2166,0.3362,0.43,0.3383,0.216353,-0.239904,0.118879,0.001465,0,24.0,1.527525,11.0
0.2009,0.2385,0.2592,0.395,0.4205,0.349,0.207582,-0.24704,0.065695,0.001465,0,10.0,2.159736,4.0
0.1724,0.2053,0.2329,0.3457,0.4151,0.3247,0.194953,-0.254809,0.111397,0.001465,0,8.0,3.41242,7.0
0.2129,0.2438,0.2767,0.3965,0.464,0.3697,0.177956,-0.238482,0.097252,0.001465,0,8.0,3.052882,7.0
0.1737,0.2063,0.231,0.2975,0.3837,0.3179,0.125828,-0.181024,0.132148,0.001465,0,6.0,2.159736,7.0
0.1623,0.1931,0.1759,0.1561,0.1461,0.141,-0.059639,0.105956,0.005621,0.001465,0,11.0,6.088528,7.0
0.1882,0.2242,0.2548,0.386,0.4455,0.3444,0.204744,-0.265159,0.098941,0.001465,0,8.0,1.527525,8.0
0.1941,0.2271,0.2396,0.3502,0.4129,0.3428,0.187521,-0.213234,0.090408,0.001465,0,16.0,3.41242,5.0
0.1842,0.2175,0.2538,0.3399,0.4275,0.3513,0.145023,-0.219591,0.130413,0.001465,0,6.0,2.159736,8.0
0.1849,0.2238,0.2518,0.3657,0.4235,0.3258,0.184453,-0.240712,0.101721,0.001465,0,7.0,2.159736,5.0
0.2042,0.2328,0.2694,0.3606,0.456,0.3739,0.144762,-0.215369,0.124477,0.001465,0,9.0,4.573921,6.0
0.205,0.2391,0.2808,0.3833,0.4615,0.3702,0.154344,-0.231684,0.115737,0.001465,0,10.0,2.159736,6.0
0.1904,0.2179,0.2273,0.3214,0.3775,0.3246,0.171496,-0.191915,0.083289,0.001465,0,18.0,3.41242,9.0
0.2123,0.2605,0.3036,0.3644,0.421,0.3473,0.091018,-0.166267,0.113656,0.001465,0,34.0,12.133526,40.0
0.2021,0.2335,0.2619,0.3778,0.4554,0.3771,0.181179,-0.236054,0.10592,0.000103,0,299.0,3.052882,7.0
0.1965,0.2169,0.2186,0.3777,0.3435,0.2864,0.266812,-0.270434,-0.010649,0.000103,0,295.0,2.159736,7.0
0.1803,0.2137,0.2221,0.3983,0.4134,0.3305,0.28401,-0.301634,0.046866,0.000103,0,299.0,1.527525,4.0
0.1921,0.2174,0.2446,0.3274,0.3707,0.3167,0.144755,-0.201909,0.08442,0.000103,0,292.0,3.052882,9.0
0.1996,0.2264,0.2605,0.3764,0.4552,0.3813,0.181975,-0.248839,0.108152,0.000103,0,299.0,2.159736,7.0
0.1865,0.2066,0.2272,0.2931,0.3304,0.2798,0.126658,-0.173104,0.075202,0.000103,0,296.0,0.0,4.0
0.1872,0.215,0.234,0.3797,0.4177,0.3409,0.237412,-0.276946,0.069588,0.000103,0,297.0,1.527525,4.0
0.1739,0.2047,0.1967,0.3674,0.3073,0.2297,0.302606,-0.284391,-0.035684,0.000103,0,298.0,3.41242,3.0
0.1977,0.2228,0.2415,0.3798,0.4025,0.3331,0.222598,-0.260538,0.054441,0.000103,0,293.0,3.052882,7.0
0.1806,0.2101,0.2214,0.3591,0.3615,0.2914,0.237209,-0.261771,0.038482,0.000103,0,295.0,0.0,7.0
0.1858,0.2104,0.2251,0.3011,0.3333,0.2793,0.144432,-0.177322,0.068401,0.000103,0,299.0,1.527525,2.0
0.2021,0.242,0.2807,0.3821,0.4384,0.3741,0.152987,-0.224483,0.103506,0.000103,0,299.0,1.527525,5.0
0.1963,0.2316,0.2516,0.402,0.3913,0.31,0.23011,-0.268939,0.035933,0.000103,0,298.0,1.527525,3.0
0.1895,0.2145,0.2414,0.3176,0.4145,0.3547,0.136315,-0.193761,0.127945,0.000103,0,297.0,2.159736,4.0
0.1873,0.2074,0.2282,0.3017,0.355,0.2982,0.138705,-0.185229,0.087857,0.000103,0,298.0,2.159736,4.0
0.189,0.2118,0.2264,0.3366,0.3626,0.2973,0.195737,-0.227571,0.056881,0.000103,0,295.0,0.0,9.0
0.2225,0.2553,0.2943,0.4127,0.4861,0.4212,0.167468,-0.235629,0.102571,0.000103,0,293.0,6.45483,9.0
0.188,0.212,0.2307,0.3365,0.3611,0.298,0.18653,-0.226983,0.060288,0.000103,0,297.0,2.159736,4.0
0.1817,0.2082,0.2134,0.3723,0.3359,0.267,0.271299,-0.282687,-0.00426,0.000103,0,296.0,3.052882,4.0
0.1909,0.2152,0.2287,0.3594,0.3734,0.3129,0.222241,-0.250957,0.04495,0.000103,0,298.0,3.41242,6.0
0.1736,0.1985,0.212,0.3365,0.3636,0.2818,0.226983,-0.257944,0.06033,4.6e-05,0,109.0,3.41242,5.0
0.1557,0.18,0.1768,0.3718,0.322,0.2405,0.35545,-0.34759,-0.027965,4.6e-05,0,109.0,3.052882,7.0
0.2068,0.247,0.2887,0.3909,0.4781,0.4121,0.150383,-0.225584,0.123928,4.6e-05,0,108.0,3.052882,5.0
0.1578,0.1819,0.1972,0.3475,0.393,0.3043,0.275932,-0.312807,0.077499,4.6e-05,0,107.0,2.159736,7.0
0.197,0.2361,0.2896,0.3887,0.4932,0.4122,0.146101,-0.244238,0.144026,4.6e-05,0,112.0,2.159736,3.0
0.1917,0.2285,0.2806,0.3677,0.4789,0.419,0.134351,-0.233479,0.151717,4.6e-05,0,108.0,1.527525,4.0
0.1792,0.2153,0.2526,0.386,0.4547,0.391,0.208894,-0.283885,0.11167,4.6e-05,0,100.0,2.159736,4.0
0.1412,0.1643,0.1548,0.4205,0.31,0.224,0.461846,-0.438099,-0.094398,4.6e-05,0,107.0,2.159736,7.0
0.3898,0.4349,0.4544,0.4875,0.4971,0.5018,0.035142,-0.057025,0.040573,4.6e-05,0,117.0,1.527525,5.0
0.1865,0.2168,0.2554,0.3696,0.4555,0.3749,0.18272,-0.260573,0.122178,4.6e-05,0,113.0,1.527525,6.0
0.2055,0.2325,0.2621,0.3498,0.3948,0.3549,0.143324,-0.201443,0.083815,4.6e-05,0,111.0,4.820199,12.0
0.1617,0.1887,0.2125,0.3619,0.3762,0.2921,0.260097,-0.314566,0.058527,4.6e-05,0,115.0,3.41242,5.0
0.1717,0.1963,0.2166,0.3233,0.4099,0.3247,0.197629,-0.244419,0.117254,4.6e-05,0,108.0,3.41242,5.0
0.1642,0.1983,0.1909,0.4015,0.3579,0.2619,0.355503,-0.33878,-0.015164,4.6e-05,0,102.0,3.41242,12.0
0.1841,0.2183,0.258,0.359,0.4605,0.3882,0.163695,-0.243721,0.13903,4.6e-05,0,114.0,3.41242,5.0
0.2071,0.2554,0.3317,0.415,0.5234,0.4842,0.111558,-0.238067,0.157731,4.6e-05,0,107.0,6.800801,6.0
0.2019,0.2434,0.288,0.4036,0.5016,0.4223,0.167149,-0.247604,0.131962,4.6e-05,0,104.0,0.0,5.0
0.1722,0.1999,0.2271,0.3241,0.4415,0.349,0.17598,-0.237023,0.14791,4.6e-05,0,116.0,3.052882,5.0
0.2063,0.2503,0.3056,0.4338,0.5074,0.4237,0.173384,-0.268236,0.118987,4.6e-05,0,114.0,2.159736,5.0
0.1667,0.1914,0.2109,0.3283,0.379,0.2873,0.21773,-0.263421,0.087474,4.6e-05,0,107.0,0.0,4.0
0.1471,0.1697,0.1882,0.3334,0.4102,0.2967,0.278374,-0.325383,0.109278,4.5e-05,1,31.0,15.826469,69.0
0.1327,0.159,0.149,0.3539,0.2991,0.2014,0.407437,-0.379996,-0.04119,4.5e-05,1,110.0,23.267078,97.0
0.1682,0.1935,0.2263,0.2809,0.3501,0.2889,0.10765,-0.184233,0.124135,4.5e-05,1,13.0,2.159736,13.0
0.1332,0.1622,0.1459,0.3631,0.3044,0.2065,0.426719,-0.382448,-0.048595,4.5e-05,1,37.0,13.575719,31.0
0.1451,0.1627,0.1853,0.2285,0.3688,0.3075,0.104398,-0.1682,0.194567,4.5e-05,1,53.0,9.090276,33.0
0.1443,0.1669,0.1889,0.2961,0.4081,0.3024,0.221031,-0.27905,0.150954,4.5e-05,1,20.0,2.159736,12.0
0.1326,0.1567,0.1452,0.3778,0.2989,0.2006,0.444742,-0.413658,-0.06946,4.5e-05,1,79.0,12.835173,55.0
0.1336,0.1559,0.144,0.3567,0.2926,0.1974,0.424805,-0.391728,-0.057935,4.5e-05,1,33.0,17.802299,48.0
0.1482,0.1663,0.1824,0.2572,0.3453,0.279,0.170155,-0.21464,0.131068,4.5e-05,1,146.0,0.0,11.0
0.139,0.159,0.1645,0.2245,0.2315,0.1855,0.154242,-0.170795,0.042791,4.5e-05,1,4.0,4.820199,15.0
0.1413,0.1619,0.1684,0.3112,0.3344,0.2416,0.297748,-0.315578,0.052654,4.5e-05,1,132.0,11.764993,43.0
0.1299,0.1546,0.1393,0.373,0.2559,0.1712,0.456178,-0.41395,-0.11992,4.5e-05,1,45.0,14.931417,51.0
0.1316,0.1532,0.1504,0.3126,0.3075,0.2158,0.350324,-0.342207,0.015187,4.5e-05,1,59.0,12.401896,53.0
0.1596,0.188,0.2329,0.3312,0.453,0.344,0.17426,-0.275809,0.165803,4.5e-05,1,14.0,4.313351,21.0
0.1325,0.1561,0.1482,0.3372,0.3046,0.2144,0.38937,-0.367119,-0.01832,4.5e-05,1,44.0,13.575719,40.0
0.1445,0.165,0.1703,0.2724,0.3069,0.2317,0.23063,-0.245542,0.067442,4.5e-05,1,19.0,8.838262,29.0
0.1382,0.1614,0.1586,0.322,0.3092,0.2167,0.339992,-0.33223,0.00819,4.5e-05,1,60.0,15.826469,52.0
0.1312,0.1509,0.1416,0.3171,0.2319,0.1697,0.382603,-0.355128,-0.09102,4.5e-05,1,9.0,4.820199,37.0
0.1481,0.1734,0.1806,0.3243,0.3633,0.2699,0.284611,-0.303195,0.070353,4.5e-05,1,22.0,6.45483,16.0
0.1421,0.163,0.1752,0.2774,0.3629,0.2616,0.225806,-0.259764,0.123851,4.5e-05,1,66.0,17.274862,66.0
0.1765,0.2132,0.2433,0.2848,0.3526,0.316,0.078584,-0.143775,0.127317,0.009991,0,328.0,0.0,4.0
0.1799,0.2115,0.2388,0.2792,0.3638,0.331,0.077992,-0.137966,0.135161,0.009991,0,316.0,0.0,3.0
0.156,0.1837,0.2015,0.304,0.3566,0.2968,0.20277,-0.246668,0.096356,0.009991,0,319.0,2.159736,8.0
0.1761,0.2073,0.2347,0.2777,0.3642,0.3302,0.083919,-0.145155,0.137836,0.009991,0,311.0,2.159736,5.0
0.1652,0.1975,0.2198,0.2938,0.3426,0.2969,0.144081,-0.196011,0.101234,0.009991,0,317.0,2.159736,6.0
0.1719,0.2021,0.2288,0.2678,0.3443,0.3058,0.078534,-0.139817,0.131714,0.009991,0,310.0,1.527525,4.0
0.1678,0.1912,0.2163,0.2563,0.3409,0.3078,0.084638,-0.145475,0.135636,0.009991,0,318.0,3.41242,5.0
0.1739,0.206,0.2332,0.2719,0.349,0.3146,0.076618,-0.137895,0.132685,0.009991,0,319.0,2.159736,7.0
0.1697,0.1938,0.2221,0.2621,0.3406,0.31,0.082611,-0.149814,0.131624,0.009991,0,317.0,3.052882,4.0
0.1759,0.2085,0.2382,0.2739,0.3521,0.3209,0.069713,-0.135572,0.135083,0.009991,0,322.0,2.159736,4.0
0.1709,0.1985,0.2248,0.2669,0.3541,0.3168,0.085621,-0.14697,0.138782,0.009991,0,314.0,2.159736,6.0
0.176,0.2031,0.2292,0.269,0.3488,0.314,0.079888,-0.139589,0.13001,0.009991,0,320.0,1.527525,4.0
0.164,0.1916,0.2181,0.2575,0.3437,0.3106,0.082843,-0.146738,0.142683,0.009991,0,313.0,2.159736,4.0
0.1694,0.2007,0.2258,0.304,0.3791,0.3333,0.147603,-0.204676,0.121951,0.009991,0,313.0,1.527525,4.0
0.1562,0.1817,0.2064,0.2508,0.3218,0.2959,0.097113,-0.159769,0.129598,0.009991,0,318.0,2.159736,4.0
0.176,0.2218,0.2576,0.2885,0.351,0.3166,0.056583,-0.130707,0.134284,0.009991,0,310.0,2.159736,4.0
0.1647,0.1924,0.2163,0.2967,0.334,0.2798,0.156725,-0.213249,0.087872,0.009991,0,327.0,1.527525,4.0
0.171,0.1976,0.2225,0.2677,0.3524,0.3127,0.092207,-0.150655,0.134373,0.009991,0,310.0,3.41242,3.0
0.1636,0.1918,0.2143,0.3048,0.3589,0.3077,0.17434,-0.227547,0.100614,0.009991,0,319.0,1.527525,4.0
0.179,0.2063,0.2348,0.2715,0.3553,0.3193,0.072487,-0.136459,0.134153,0.009991,0,314.0,0.0,5.0
0.1753,0.201,0.2343,0.3317,0.4772,0.378,0.172085,-0.245354,0.167829,4.6e-05,1,127.0,4.820199,10.0
0.1689,0.1953,0.2157,0.3276,0.3867,0.3134,0.205964,-0.253012,0.096369,4.6e-05,1,128.0,2.159736,7.0
0.224,0.272,0.3412,0.4236,0.5743,0.4905,0.107741,-0.217941,0.17139,4.6e-05,1,122.0,4.313351,9.0
0.1856,0.218,0.256,0.3789,0.4799,0.3751,0.193574,-0.269559,0.131806,4.6e-05,1,126.0,3.41242,4.0
0.1817,0.2106,0.2559,0.3387,0.4646,0.3936,0.139253,-0.233206,0.161254,4.6e-05,1,122.0,3.052882,8.0
0.1853,0.214,0.2508,0.354,0.4692,0.3871,0.170635,-0.246479,0.143492,4.6e-05,1,132.0,4.820199,6.0
0.1812,0.2108,0.2486,0.3544,0.4991,0.4122,0.175456,-0.254069,0.165277,4.6e-05,1,127.0,3.41242,9.0
0.1459,0.1697,0.1656,0.3548,0.2986,0.2304,0.363566,-0.352908,-0.037828,4.6e-05,1,124.0,0.0,5.0
0.1638,0.1874,0.2074,0.3447,0.3902,0.3102,0.248687,-0.295621,0.080553,4.6e-05,1,127.0,1.527525,4.0
0.1802,0.2118,0.2428,0.3714,0.446,0.3594,0.209378,-0.273663,0.110609,4.6e-05,1,124.0,1.527525,5.0
0.1565,0.1831,0.1831,0.3412,0.3384,0.2712,0.301545,-0.301545,0.023352,4.6e-05,1,123.0,2.159736,7.0
0.163,0.1936,0.1979,0.3783,0.4051,0.3333,0.313086,-0.322959,0.053919,4.6e-05,1,115.0,1.527525,4.0
0.18,0.2079,0.2395,0.343,0.468,0.3911,0.177682,-0.245235,0.149939,4.6e-05,1,124.0,0.0,5.0
0.1569,0.1838,0.1897,0.3852,0.384,0.2805,0.340059,-0.353954,0.02832,4.6e-05,1,127.0,0.0,4.0
0.1734,0.1952,0.2273,0.3033,0.4637,0.4078,0.143234,-0.216851,0.183523,4.6e-05,1,122.0,1.527525,6.0
0.1899,0.2216,0.253,0.379,0.4828,0.3862,0.199367,-0.262071,0.127922,4.6e-05,1,114.0,2.159736,7.0
0.2008,0.2361,0.2793,0.3714,0.5019,0.4203,0.14154,-0.222716,0.154426,4.6e-05,1,123.0,1.527525,5.0
0.1926,0.2192,0.252,0.3152,0.4237,0.3688,0.111425,-0.179641,0.141867,4.6e-05,1,133.0,0.0,3.0
0.2162,0.2604,0.3272,0.4199,0.5478,0.4465,0.12408,-0.234455,0.158097,4.6e-05,1,121.0,0.0,8.0
0.2199,0.258,0.3037,0.3889,0.5058,0.4265,0.123015,-0.20235,0.141507,4.6e-05,1,128.0,3.052882,5.0
0.1666,0.1876,0.1979,0.3309,0.3532,0.2951,0.251513,-0.276374,0.051116,2e-06,0,570.0,3.052882,7.0
0.1452,0.176,0.1562,0.4372,0.2953,0.2018,0.473542,-0.425962,-0.126608,2e-06,0,567.0,3.052882,11.0
0.1392,0.1652,0.1471,0.4255,0.2684,0.1857,0.486203,-0.440664,-0.152214,2e-06,0,563.0,1.527525,7.0
0.1355,0.161,0.1355,0.4483,0.2497,0.167,0.5358,-0.471525,-0.204954,2e-06,0,556.0,2.159736,6.0
0.1397,0.1629,0.1494,0.3852,0.3158,0.2306,0.441077,-0.405583,-0.060297,2e-06,0,577.0,1.527525,9.0
0.1409,0.1644,0.1483,0.3905,0.294,0.2214,0.449517,-0.407461,-0.091507,2e-06,0,693.0,16.601549,55.0
0.1426,0.1737,0.1488,0.4422,0.298,0.2077,0.496447,-0.435947,-0.133773,2e-06,0,579.0,2.159736,7.0
0.1585,0.1771,0.2011,0.2921,0.3677,0.3055,0.184509,-0.245098,0.115951,2e-06,0,575.0,3.052882,5.0
0.1393,0.1643,0.1408,0.445,0.2691,0.1824,0.51929,-0.460693,-0.175417,2e-06,0,577.0,3.052882,6.0
0.1509,0.1663,0.1815,0.2863,0.3774,0.3199,0.224027,-0.265135,0.122176,2e-06,0,584.0,3.41242,11.0
0.1461,0.1648,0.1578,0.3818,0.2864,0.2115,0.415122,-0.397,-0.086102,2e-06,0,563.0,1.527525,6.0
0.1465,0.1598,0.1826,0.2661,0.3811,0.3339,0.186093,-0.249589,0.154768,2e-06,0,579.0,4.313351,10.0
0.1503,0.1655,0.1957,0.2605,0.3895,0.3612,0.142043,-0.223005,0.1751,2e-06,0,578.0,4.820199,8.0
0.1351,0.1554,0.1317,0.4538,0.2603,0.1788,0.550128,-0.489823,-0.200734,2e-06,0,727.0,18.855034,58.0
0.1389,0.1645,0.1401,0.4379,0.2531,0.1722,0.515225,-0.453851,-0.189278,2e-06,0,566.0,1.527525,6.0
0.1671,0.1816,0.1935,0.341,0.3794,0.3195,0.275959,-0.305013,0.059945,2e-06,0,572.0,0.0,7.0
0.1783,0.2049,0.2505,0.3459,0.4891,0.4372,0.15996,-0.255991,0.170438,2e-06,0,578.0,6.274438,10.0
0.1483,0.1743,0.1706,0.3835,0.3211,0.238,0.384227,-0.375045,-0.039179,2e-06,0,708.0,2.159736,35.0
0.1398,0.1619,0.148,0.3719,0.2908,0.2113,0.43066,-0.393406,-0.076696,2e-06,0,685.0,7.743239,32.0
0.1553,0.1669,0.1684,0.2194,0.2174,0.1816,0.131511,-0.135905,0.014596,2e-06,0,556.0,0.0,9.0
